"timestamp";"customer";"job_number";"grain_screened";"proof_on_ctd_ink";"paper_type";"ink_type";"solvent_type";"type_on_cylinder";"press_type";"press";"unit_number";"cylinder_size";"paper_mill_location";"plating_tank";"proof_cut";"viscosity";"ink_temperature";"humifity";"roughness";"blade_pressure";"varnish_pct";"press_speed";"ink_pct";"solvent_pct";"ESA_Voltage";"ESA_Amperage";"wax";"hardener";"roller_durometer";"current_density";"anode_space_ratio";"chrome_content";"band_type"
"19911102";"64";"35880";"2";"2";"2";"1";"1";"2";"4";"816";2;"4";"1";"1911";40;40;14,9;75;0,625;28;4,3;2000;53,2;42,5;4;0;2,5;1,5;30;5;117,86;3;"band"
"19900910";"53";"47105";"3";"3";"2";"1";"1";"2";"2";"813";9;"2";"3";"1910";55;47;14;71;0,25;16;0;1600;62,5;37,5;0;0;2,5;0,7;40;5;90,3;3;"noband"
"19900606";"19";"36024";"3";"3";"2";"3";"1";"1";"4";"815";2;"4";"1";"1910";55;54;15;82;0,75;38;0;1800;58,8;41,2;0;0;2;1;33;3;100;3;"noband"
"19900706";"6";"34583";"2";"3";"2";"1";"1";"2";"3";"827";2;"4";"1";"1911";45;55;14;73;0,75;30;0;2100;61,1;38,9;0;0;2,5;0,8;33;5;96,8;3;"band"
"19901007";"15";"38059";"3";"3";"4";"3";"1";"2";"1";"802";7;"2";"3";"1911";42;52;16,8;80;0,625;40;0;1700;54,3;45,7;3;0;3;1;34;5;107,4;3;"noband"
"19901208";"7";"38120";"3";"3";"4";"2";"1";"2";"4";"815";2;"2";"3";"1910";45;43;20;84;0,625;33;35,8;1200;41,7;22;0;0;2,5;0,5;40;5;106,25;3;"band"
"19910111";"48";"37351";"2";"3";"4";"1";"1";"2";"4";"816";2;"4";"1";"1910";50;46;17;80;0,75;30;0;2100;57,5;42,5;5;0;2,3;0,6;35;5;106,67;3;"noband"
"19901206";"50";"36805";"3";"3";"4";"3";"1";"1";"4";"815";2;"4";"2";"1910";50;42;17;88;0,75;30;0;1600;62,5;27,5;5;0;2,6;1;38;5;106,25;3;"band"
"19910206";"48";"37352";"2";"3";"4";"1";"1";"2";"4";"815";9;"4";"3";"1911";37;44;16,5;91;0,75;30;21,7;2050;43,5;34,8;0;0;2,7;0,8;35;5;107,4;3;"noband"
"19910426";"53";"47203";"3";"3";"4";"3";"1";"2";"1";"802";2;"2";"3";"1910";50;50;15,7;90;0,75;50;0;1420;62,5;37,5;0;0;3;1,35;40;5;106,45;3;"noband"
"19910316";"48";"37355";"2";"3";"4";"1";"1";"2";"3";"828";9;"4";"4";"1910";40;44;16,1;78;0,9375;30;5,6;1800;55,6;38,9;0;0;2;1;35;5;103,22;3;"noband"
"19910322";"44";"38051";"2";"3";"4";"1";"1";"2";"4";"816";2;"4";"1";"1911";60;49;14,9;77;0,75;27;0;1650;58,8;41,2;0;0;2,5;0,7;33;5;103,33;3;"noband"
"19900924";"53";"47105";"3";"3";"4";"3";"1";"2";"2";"813";1;"2";"3";"1911";60;48;14;76;1;16;5,6;1600;55,6;38,8;0;0;2,5;0,7;40;5;96,97;1;"noband"
"19901107";"48";"36166";"2";"3";"4";"1";"1";"1";"3";"828";2;"4";"3";"1910";45;43;16;80;0,75;30;3,1;2200;51;45,9;0;0;2,5;1,3;35;5;103,33;3;"noband"
"19910917";"22";"37575";"2";"3";"2";"1";"1";"2";"3";"824";2;"4";"1";"1910";30;37;17;78;0,8125;30;0;1700;58,8;41,2;0;0;2,5;1,2;30;5;106,25;3;"band"
"19910311";"48";"27386";"2";"3";"4";"3";"1";"1";"3";"827";2;"4";"5";"1911";65;40;16,4;72;1;26;0;2000;62,5;37,5;0;0;2,5;1;40;5;106,45;3;"band"
"19941010";"10";"38064";"2";"3";"3";"3";"3";"2";"1";"815";1;"4";"1";"1910";70;46;14,2;75;0,75;25;35,8;2050;41,3;30;0;4;2,5;1;60;5;108,1;3;"band"
"19901107";"48";"36166";"2";"3";"4";"1";"1";"1";"3";"828";9;"4";"3";"1910";50;43;15,5;72;0,75;30;5,1;2200;50,6;44,3;0;0;2,5;1,3;35;5;96,77;3;"noband"
"19910304";"48";"37386";"3";"3";"4";"3";"1";"2";"3";"827";2;"4";"5";"1910";40;47;24,5;78;0,875;30;8,8;2100;54,9;36,3;16;0;2,3;1;40;5;100;3;"band"
"19900824";"23";"34399";"3";"3";"4";"3";"1";"2";"2";"813";1;"2";"3";"1911";40;54;15;70;0,05625;16;10;2600;50;40;0;0;2,5;0,8;60;1;100;3;"noband"
"19900606";"65";"25424";"3";"3";"4";"3";"3";"2";"3";"821";2;"4";"3";"1911";40;54;14,6;85;0,25;20;21,7;1850;43,5;34,8;0;0;2,5;0,8;40;2;93,3;3;"noband"
"19900910";"53";"47105";"3";"3";"4";"3";"1";"2";"2";"813";1;"2";"3";"1911";65;47;12;68;0,25;20;0;1600;58,8;41,2;0;0;2,8;0,8;40;3;106,25;3;"noband"
"19910409";"6";"37168";"2";"3";"2";"1";"1";"2";"4";"815";2;"4";"1";"1911";30;63;13;94;1;29;0;1800;56,2;43,8;0;0;2,5;1;30;5;110;3;"band"
"19911211";"34";"37018";"2";"3";"2";"1";"1";"2";"4";"816";2;"3";"1";"1911";42;47;16,2;78;0,75;30;0;2100;56,2;43,8;0;0;2,5;1,2;33;5;110;3;"band"
"19910117";"38";"35539";"3";"3";"4";"3";"1";"2";"3";"821";2;"4";"3";"1911";50;43;16;75;1;20;15,8;1600;49,5;34,7;0;0;2,5;1;38;5;103,22;3;"noband"
"19910611";"6";"37177";"2";"3";"2";"1";"1";"2";"3";"828";2;"4";"1";"1910";40;56;17;82;0,75;30;0;2550;52,6;47,4;0;0;2;1;33;5;103,22;3;"noband"
"19910724";"66";"35522";"3";"3";"4";"3";"1";"1";"1";"802";7;"2";"1";"1911";37;65;16;80;0,625;50;6,6;1640;54,9;38,5;3;0;3;1;32;5;103,13;3;"band"
"19910517";"64";"35982";"2";"2";"2";"1";"1";"1";"3";"824";2;"4";"1";"1910";47;67;16;74;0,8125;38;0;1900;58,8;41,2;2;0;2,5;1,1;33;5;103,125;3;"noband"
"19910125";"33";"23052";"3";"3";"4";"3";"1";"2";"3";"821";7;"4";"3";"1911";40;45;14,5;70;0,625;25;0;1500;59,5;40,5;0;0;2;1;40;5;100;3;"band"
"19910727";"6";"37182";"2";"3";"2";"1";"1";"2";"3";"821";7;"4";"1";"1911";45;58;15;72;0,625;25;10,5;2100;52,6;36,8;5;0;2,5;0,8;33;5;103,125;3;"noband"
"19901117";"12";"34442";"3";"3";"4";"3";"1";"1";"3";"821";7;"4";"3";"1910";50;43;14;74;0,625;20;2,2;1800;56,2;41,6;0;0;3;1;38;5;96,875;3;"band"
"19910614";"59";"35759";"2";"3";"2";"1";"1";"2";"3";"827";2;"4";"1";"1910";45;69;15,6;72;0,75;21;5,6;2426;55,6;38,9;0;0;2,85;1,1;30;5;103,22;3;"noband"
"19900812";"63";"34549";"2";"3";"2";"1";"1";"1";"4";"815";2;"3";"1";"1911";45;54;14;90;0,75;30;0;2000;58,8;41,2;0;0;3;1;33;5;103,3;3;"noband"
"19901209";"33";"23048";"3";"3";"4";"3";"1";"2";"3";"821";7;"4";"1";"1910";40;42;15,5;64;0,625;20;10,5;1550;52,6;36,9;0;0;2;0,6;40;5;106,25;3;"noband"
"19901125";"64";"34759";"2";"2";"2";"1";"1";"2";"4";"816";2;"3";"1";"1910";32;47;20;79;0,3125;29;0;2189;58,1;41,9;5;0;2,5;1,25;30;5;100;3;"noband"
"19910804";"48";"37371";"2";"3";"4";"1";"1";"1";"4";"816";2;"4";"1";"1910";40;58;15,5;84;0,375;25;9;2000;52,8;38,2;5;0;3;1,1;35;5;103,125;3;"noband"
"19900426";"63";"34545";"2";"3";"4";"1";"1";"1";"3";"827";2;"4";"1";"1910";40;48;15;75;1;30;0;1720;61,7;38,3;0;0;2,5;3;33;2;103,2;3;"noband"
"19900617";"36";"34093";"3";"3";"4";"2";"1";"1";"3";"821";7;"4";"3";"1910";52;62;14,5;95;0,75;20;0;1950;58,8;41,2;0;0;2;1;38;3;100;3;"band"
"19910317";"48";"37355";"2";"3";"4";"1";"1";"2";"4";"816";9;"4";"1";"1910";49;43;14,5;74;0,75;23;9,1;1900;56,8;34,1;2;0;0,7;0,2;35;5;103,22;3;"band"
"19930421";"28";"37392";"2";"3";"4";"3";"3";"2";"3";"824";2;"4";"1";"1910";65;45;17;84;0,8125;27;35,8;1865;41,3;22,5;0;4;1,5;0,7;50;5;109,1;2;"band"
"19900926";"65";"25440";"3";"3";"4";"3";"1";"1";"3";"821";2;"4";"3";"1911";47;49;14,5;88;0,625;25;34,5;2000;43,5;22;0;0;2,5;0,7;40;5;96,97;1;"noband"
"19910815";"28";"35462";"2";"3";"2";"1";"1";"1";"3";"824";2;"4";"1";"1911";40;58;17;75;0,05625;30;0;1900;58,8;41,2;0;0;2,6;1,4;30;5;103,225;3;"band"
"19910419";"6";"37169";"2";"3";"2";"1";"1";"2";"3";"824";2;"4";"1";"1911";40;50;16;68;0,8125;30;0;2400;58,8;41,2;8;0;2,5;1,5;33;5;103,125;3;"noband"
"19900625";"56";"34092";"3";"3";"4";"3";"1";"2";"4";"815";2;"2";"1";"1910";65;49;13,5;82;0,625;30;0;1350;68,2;31,8;1;0;2,5;1;38;4;103,2;3;"band"
"19901031";"6";"34588";"2";"3";"2";"1";"1";"1";"4";"815";2;"4";"1";"1910";40;43;15,5;85;0,75;25;4,7;2000;58,1;37,2;0;0;2,5;1;33;5;96,77;3;"band"
"19910405";"59";"35754";"2";"3";"2";"1";"1";"2";"3";"824";2;"4";"1";"1910";50;43;16;70;0,8125;30;3,4;2400;56,8;39,8;0;0;2,5;0,8;30;5;103,125;3;"noband"
"19901209";"62";"35001";"3";"3";"4";"3";"1";"1";"4";"816";9;"3";"3";"1911";35;42;15,5;80;1;26;0;1800;62,5;37,5;3;0;2,5;2;40;5;100;3;"noband"
"19911104";"64";"35880";"2";"2";"2";"1";"1";"2";"4";"816";2;"2";"1";"1910";40;38;16,5;85;0,625;30;4,3;1900;53,2;42,5;0;0;3;1;30;5;103,13;3;"band"
"19911103";"64";"35880";"2";"2";"2";"1";"1";"1";"4";"816";2;"4";"1";"1910";40;40;15,7;85;0,3125;27;4,3;2050;53,2;42,5;1;0;2,5;1,5;30;5;103,13;3;"band"
"19910817";"62";"35529";"3";"3";"4";"3";"1";"2";"1";"802";7;"3";"1";"1910";45;63;15;80;0,75;50;0;1470;58,8;41,2;2;0;3;1;34;5;100;3;"band"
"19900825";"6";"38013";"2";"3";"4";"1";"1";"2";"3";"824";9;"4";"1";"1910";45;55;16,1;82;0,75;30;0;2400;58,8;41,2;0;0;2;0,8;30;7;93,75;3;"noband"
"19941007";"48";"85813";"2";"3";"3";"3";"3";"1";"3";"827";2;"4";"1";"1910";65;56;18,3;80;1;32;22;1900;41,3;22;0;4;3;2,3;60;5;110;3;"band"
"19900418";"29";"36858";"3";"3";"4";"3";"1";"2";"2";"813";5;"2";"3";"1910";60;43;15;94;1;20;9,5;1500;52,6;37,9;0;4;2,5;1;40;3;100;3;"band"
"19910422";"65";"25513";"3";"3";"4";"3";"1";"1";"3";"821";7;"4";"3";"1910";55;49;15;78;0,625;20;17,1;1900;47,6;35,2;0;0;2,5;0,85;34;5;106,45;3;"band"
"19900825";"6";"38013";"2";"3";"4";"1";"1";"2";"3";"824";2;"4";"1";"1910";40;55;15,4;80;0,8125;30;10,2;2400;51;38,8;0;0;1,7;0,7;30;7;93,75;3;"noband"
"19901218";"63";"34556";"2";"3";"2";"1";"1";"2";"4";"816";2;"3";"1";"1910";37;50;15,5;95;0,625;26;0;2350;62,5;37,5;1;0;2,6;0,6;30;5;106,45;3;"noband"
"19910430";"65";"25519";"3";"3";"4";"3";"1";"1";"3";"821";7;"4";"3";"1910";52;64;15,5;82;0,625;30;0;1800;71,4;28,6;4;0;2,5;0,9;34;5;103,125;3;"band"
"19901206";"65";"25450";"3";"3";"4";"3";"1";"2";"3";"821";2;"4";"3";"1911";50;42;15,5;73;0,625;20;3,6;1800;60,2;36,2;0;0;2,5;0,9;34;5;106,25;3;"noband"
"19910604";"48";"37365";"2";"3";"4";"1";"1";"2";"3";"828";2;"4";"4";"1910";47;68;16;80;0,75;30;0;2250;58,8;41,2;0;0;1,5;1;35;5;106,45;3;"noband"
"19910511";"63";"35816";"2";"3";"2";"1";"1";"2";"3";"827";2;"3";"1";"1910";47;68;14;78;0,75;22;0;1900;62,5;37,5;0;0;2,1;1,7;33;5;103,125;3;"band"
"19901001";"48";"36197";"2";"3";"4";"3";"1";"2";"4";"816";2;"4";"2";"1910";55;48;18;76;0,25;24;10;1600;60;30;0;0;3;0,9;35;5;93,55;1;"band"
"19900727";"58";"36644";"3";"3";"4";"3";"1";"1";"1";"802";7;"2";"3";"1910";60;53;14,7;70;0,75;50;20,2;1550;42;37,8;3;0;3;1;40;3;111,1;3;"noband"
"19910528";"53";"47203";"3";"3";"4";"3";"1";"2";"2";"813";1;"2";"3";"1910";50;68;13,4;70;0,25;16;20,4;1700;46,3;33,3;0;0;2,5;1;40;5;106,45;3;"band"
"19900614";"25";"34397";"3";"3";"4";"3";"1";"2";"2";"813";6;"2";"2";"1910";50;53;16,5;90;0,75;16;11,3;1300;51,5;37,1;0;0;2,5;0,7;28;3;100;3;"noband"
"19910430";"27";"35458";"2";"3";"2";"1";"1";"2";"4";"816";9;"4";"1";"1910";40;64;15,5;85;1;26;0;2400;58,8;41,2;0;0;2,5;1;30;5;103,125;3;"noband"
"19910727";"6";"37182";"2";"3";"2";"1";"1";"2";"3";"821";2;"4";"1";"1911";45;58;15;75;0,625;20;10,5;2100;52,6;36,8;0;0;2,5;0,7;33;5;103,125;3;"noband"
"19900921";"63";"34551";"2";"3";"2";"1";"1";"2";"4";"815";1;"3";"1";"1910";35;72;15,2;72;1;36;0;2200;65,2;34,8;0;0;2,5;1;30;5;93,6;1;"band"
"19910111";"59";"35751";"2";"3";"2";"1";"1";"2";"3";"827";2;"4";"1";"1911";50;46;16,5;75;0,75;30;0;2600;62,5;37,5;6;0;2,5;0,6;30;5;106,67;3;"noband"
"19910730";"59";"35761";"2";"3";"2";"1";"1";"2";"3";"828";2;"4";"1";"1910";35;59;16,1;82;0,05625;28;0;2500;58,8;41,2;0;0;2,5;1,3;30;5;100;3;"noband"
"19901001";"64";"34754";"2";"2";"2";"1";"1";"1";"3";"824";9;"4";"1";"1910";42;48;15;76;0,875;30;3,6;2050;60,2;36,2;0;0;2,5;1;30;5;93,55;1;"noband"
"19910323";"48";"37355";"2";"3";"2";"1";"1";"2";"3";"828";2;"4";"1";"1911";40;49;15,3;74;1;34;0;2000;62,5;37,5;0;0;2,2;1;35;5;100;3;"noband"
"19910719";"63";"88231";"2";"3";"2";"1";"1";"2";"4";"816";9;"3";"1";"1910";40;62;13,7;91;0,375;32;5,6;2300;55,6;38,9;2;0;2,5;1;33;5;100;3;"noband"
"19910322";"44";"38051";"2";"3";"4";"1";"1";"2";"4";"816";9;"4";"1";"1910";55;49;15,6;74;0,75;24;0;1650;58,8;41,2;0;0;2,5;1,7;33;5;103,33;3;"noband"
"19910214";"45";"35794";"2";"3";"4";"1";"1";"2";"3";"827";9;"4";"3";"1911";52;43;16,6;58;0,75;20;7,9;1480;56,2;36;0;0;1,7;0,7;33;5;103,12;3;"noband"
"19910112";"53";"47201";"3";"3";"4";"3";"3";"2";"1";"802";7;"2";"3";"1910";50;45;12;70;0,75;60;0;1650;60,2;39,8;1;0;3;1;40;5;103,22;3;"band"
"19910626";"51";"37938";"3";"3";"4";"3";"1";"1";"4";"816";9;"2";"3";"1910";45;65;16,3;78;0,75;32;3,4;1700;56,8;39,8;4;0;2,5;1;34;5;106,45;3;"band"
"19910415";"48";"32360";"2";"3";"4";"1";"1";"2";"3";"827";2;"4";"1";"1910";65;59;14,2;80;1;20;5,6;2600;55,6;38,9;0;0;2;2,5;33;5;106,45;3;"noband"
"19910402";"63";"35814";"2";"3";"4";"1";"1";"2";"3";"827";2;"3";"1";"1911";35;43;14;75;1,25;20;7,6;2600;54,3;38;0;0;2,5;2;33;5;106,66;3;"noband"
"19940927";"27";"38240";"2";"3";"4";"3";"3";"2";"3";"828";9;"4";"1";"1911";65;60;14,9;76;1;30;22,1;2500;42;34,6;1;4;0,5;0,5;50;5;112,5;3;"band"
"19900909";"53";"47103";"3";"3";"4";"3";"1";"1";"1";"802";7;"2";"3";"1911";60;50;14,5;70;0,75;45;15,6;1650;45,8;38,5;2;0;2,5;1;40;5;100;3;"noband"
"19900710";"53";"47104";"3";"3";"4";"3";"3";"2";"2";"813";5;"2";"3";"1911";50;56;14,6;74;0,75;16;7,5;1400;53,8;38,7;0;4;2,4;0,8;40;5;96,8;3;"noband"
"19910311";"48";"37386";"3";"3";"4";"3";"1";"2";"3";"824";9;"4";"5";"1911";40;40;18,5;85;0,5625;30;0;1900;62,5;37,5;4;0;1,8;1,4;40;5;106,45;3;"band"
"19901003";"65";"25441";"3";"3";"4";"3";"1";"1";"3";"821";7;"4";"3";"1910";55;50;17;89;1;22;10,4;1650;52,1;37,5;0;0;2,5;1,1;34;5;93,55;1;"band"
"19910215";"17";"37441";"2";"3";"2";"1";"1";"2";"3";"821";7;"4";"1";"1911";25;38;14;70;0,625;25;0;1600;58,8;41,2;5;0;1,7;0,9;30;5;103,12;3;"noband"
"19900719";"69";"36066";"2";"3";"2";"1";"1";"2";"3";"827";9;"4";"1";"1911";40;54;15;72;0,75;35;0;2500;58,5;41,5;0;0;2,1;1,1;30;5;100;3;"noband"
"19911124";"11";"37970";"2";"3";"4";"1";"1";"2";"1";"802";7;"2";"1";"1911";35;41;16,66;78;0,75;50;7,6;1490;54,3;38;0;0;3;1;35;5;106,7;3;"noband"
"19920317";"48";"34518";"2";"3";"4";"1";"3";"1";"3";"821";7;"2";"1";"1911";45;36;14;76;0,625;20;34,5;1700;41;34,6;0;6;2;0,9;50;5;100;3;"band"
"19910507";"53";"47203";"3";"3";"4";"3";"1";"1";"1";"802";7;"2";"3";"1910";50;55;13,34;74;0,625;16;4,8;1635;59,5;35,7;1;0;3;2;40;5;100;3;"noband"
"19910609";"27";"35460";"2";"3";"2";"1";"1";"1";"3";"824";2;"4";"1";"1910";40;62;16;80;0,8125;40;0;2250;62,5;37,5;0;0;2,5;0,7;30;5;110;3;"band"
"19910108";"65";"25503";"3";"3";"4";"3";"1";"2";"3";"821";2;"4";"3";"1911";55;46;17;78;0,75;20;13,1;1700;50,5;36,4;0;0;2,5;1;34;5;105;3;"band"
"19900831";"65";"25437";"3";"3";"4";"3";"1";"1";"3";"821";2;"4";"3";"1911";57;51;15,6;81;0,75;25;9,8;1850;49;41,2;0;0;2,7;0,6;34;1;100;3;"noband"
"19901211";"6";"34590";"2";"3";"2";"1";"1";"2";"3";"827";9;"4";"1";"1910";50;40;15;72;0,75;30;0;2233;58,8;41,2;8;0;1,5;1;33;5;106,45;3;"noband"
"19901209";"3";"27490";"2";"3";"4";"1";"1";"1";"1";"802";2;"2";"3";"1910";32;42;16;70;0,625;46;0;1350;60,2;39,8;0;0;3;1;34;5;100;3;"noband"
"19901212";"7";"38121";"3";"3";"4";"3";"1";"1";"4";"815";9;"2";"1";"1910";45;42;16;83;0,625;30;0;1950;58,8;41,2;0;0;2,5;1;40;5;106,45;3;"band"
"19920712";"42";"36568";"2";"3";"3";"3";"3";"1";"1";"816";2;"2";"1";"1911";65;56;15,1;78;0,5;29;35,8;1320;41,7;30;0;4;2,5;2,3;50;5;96,9;3;"band"
"19930908";"53";"47405";"2";"3";"2";"1";"3";"2";"1";"815";2;"2";"1";"1911";65;56;14;91;1,125;27;22;1650;41;22,5;0;4;3;1,5;60;5;100;2;"band"
"19911124";"11";"37970";"2";"3";"4";"1";"1";"2";"1";"802";2;"2";"1";"1910";27;41;17,58;80;0,75;50;3,4;1490;56,8;39,8;0;0;3;1;35;5;103,125;3;"noband"
"19910406";"11";"37822";"2";"3";"4";"1";"1";"2";"2";"813";1;"2";"3";"1910";40;44;15;68;0,75;16;0;1750;58,8;41,2;0;0;2,7;0,7;35;5;103,125;3;"noband"
"19920911";"48";"34534";"2";"3";"3";"3";"3";"2";"3";"821";7;"3";"1";"1911";70;50;15,7;82;0,05625;30;35,8;1850;41,7;28,6;0;6;3;3;50;5;103,22;3;"band"
"19910215";"60";"37869";"2";"3";"4";"1";"1";"2";"1";"802";7;"2";"3";"1911";35;38;12;62;0,75;46;4,7;1400;58,8;36,5;0;0;2;1;28;5;103,125;3;"noband"
"19900909";"53";"47105";"3";"3";"4";"3";"1";"1";"4";"816";2;"2";"3";"1910";60;50;14,9;88;0,375;32;10,3;1700;51,5;38,1;5;0;3;1,3;40;5;103,3;3;"noband"
"19901031";"48";"36165";"3";"3";"4";"3";"1";"1";"3";"828";9;"4";"3";"1910";65;42;17,5;100;1,125;25;17,5;2250;48,5;34;0;0;2,5;1;40;5;100;3;"noband"
"19900702";"72";"34367";"3";"3";"4";"3";"1";"2";"4";"816";9;"4";"3";"1911";62;47;17;75;0,75;30;14,3;1700;47,6;38,1;0;0;3;0,5;40;5;96,9;3;"band"
"19930309";"48";"85725";"2";"3";"3";"3";"3";"2";"3";"821";7;"4";"1";"1910";70;44;16,22;74;0,75;30;22,1;2200;41,7;22;1;6;2,8;0,8;50;5;106,6;2;"band"
"19910604";"48";"37305";"2";"3";"4";"1";"1";"2";"4";"815";9;"4";"4";"1911";35;68;15,1;90;0,875;30;6;1500;59,5;34,5;1;0;2,5;1;35;5;106,89;3;"band"
"19901206";"50";"36805";"3";"3";"4";"2";"1";"2";"4";"815";2;"4";"2";"1910";50;42;15;90;1;35;0;1650;55,5;44,5;0;0;2,5;1;38;5;100;3;"band"
"19901212";"63";"34556";"2";"3";"2";"1";"1";"2";"4";"816";9;"3";"1";"1910";37;40;14;80;0,25;24;0;2400;58,8;41,2;2;0;2,5;0,8;30;5;106,45;3;"noband"
"19910319";"65";"25513";"3";"3";"4";"3";"1";"2";"3";"821";7;"4";"3";"1911";45;45;14,7;75;0,625;30;15;1734;50;35;2;0;1,5;0,6;34;5;103,22;3;"band"
"19910220";"64";"35870";"2";"2";"2";"1";"1";"1";"3";"824";2;"4";"1";"1910";40;46;15;68;0,75;28;0;1700;58,8;41,2;0;0;1;1;33;5;103,22;3;"noband"
"19910426";"35";"37994";"3";"3";"4";"3";"1";"1";"3";"821";7;"4";"3";"1911";55;56;15;84;0,625;25;16,7;1850;52,1;31,3;4;0;2;0,6;34;5;103,125;3;"band"
"19910206";"48";"37352";"2";"3";"4";"1";"1";"2";"4";"815";2;"4";"3";"1911";37;44;16;90;0,75;28;20;2050;45;35;0;0;2,4;0,8;35;5;107,4;3;"noband"
"19910301";"48";"37386";"3";"3";"4";"3";"1";"2";"3";"827";2;"4";"5";"1910";40;39;15;77;0,75;20;9,4;2000;52,1;38,5;0;0;2,5;1;40;5;103,22;3;"noband"
"19920920";"48";"34534";"2";"3";"3";"3";"3";"2";"3";"821";7;"3";"1";"1911";67;56;14,1;82;0,625;40;22,7;1800;41,7;22,5;1;4;2,5;0,9;50;5;96,9;3;"band"
"19900920";"22";"34749";"2";"3";"2";"1";"1";"1";"4";"816";2;"4";"1";"1911";70;46;16;72;0,5;32;0;1673;58,8;41,2;0;0;2,5;1,5;30;1;96,8;3;"band"
"19910719";"63";"88231";"2";"3";"2";"1";"1";"2";"4";"816";2;"3";"1";"1910";40;62;14,9;80;0,5;28;3,4;2303;56,8;39,8;2;0;2,5;0,6;33;5;100;3;"noband"
"19900622";"16";"38025";"3";"3";"4";"3";"1";"1";"4";"815";9;"2";"3";"1910";57;55;14;86;0,75;30;13;1700;50;37;0;0;2,9;0,9;34;3;100;3;"noband"
"19900915";"53";"47105";"3";"3";"4";"3";"1";"2";"4";"816";2;"2";"3";"1910";60;60;14;76;0,375;30;10,3;1900;51,5;38,1;5;0;2,6;1,1;40;5;103,3;3;"noband"
"19901219";"65";"25452";"3";"3";"4";"3";"1";"2";"3";"821";7;"4";"3";"1910";67;50;16,5;73;0,875;20;18,1;1800;47,6;34,3;0;0;2,5;0,8;34;5;110,71;3;"band"
"19900805";"68";"34493";"2";"3";"2";"1";"1";"1";"4";"816";2;"4";"1";"1910";35;55;15;70;0,5;35;0;2000;58,8;41,2;0;0;2,5;1,5;30;3;100;3;"band"
"19910419";"6";"47169";"2";"3";"2";"1";"1";"2";"3";"824";9;"4";"1";"1911";40;50;16;70;0,5625;30;0;2400;58,8;41,2;8;0;1,5;0,5;33;5;103,125;3;"noband"
"19920105";"18";"34250";"3";"3";"4";"2";"1";"1";"4";"816";2;"2";"1";"1911";50;47;15;80;0,625;28;0;1750;59;41;0;0;1;1;38;5;91,89;3;"band"
"19910503";"63";"35816";"2";"3";"2";"1";"1";"2";"4";"815";2;"3";"1";"1910";40;52;16;86;0,75;26;9,6;1975;53,2;37,2;1;0;2,9;1,3;33;5;100;3;"band"
"19900819";"26";"38016";"3";"3";"4";"3";"1";"2";"2";"813";5;"2";"1";"1911";45;56;16;64;0,75;16;11,1;1350;55,5;33,3;0;0;2,5;0,5;28;5;103,3;3;"noband"
"19900608";"43";"36649";"2";"3";"2";"1";"1";"1";"2";"813";6;"2";"4";"1911";47;62;15;84;0,25;20;5,6;2600;56,2;38,2;0;0;2,5;1;35;5;96,7;3;"noband"
"19920408";"11";"37998";"2";"3";"4";"1";"3";"1";"4";"815";2;"2";"1";"1910";30;50;16,1;79;0,625;25;34,5;1400;41,7;22,5;0;0;2,5;1;50;5;106;3;"band"
"19900910";"53";"47105";"3";"3";"4";"3";"1";"2";"2";"813";5;"2";"3";"1911";55;47;13;70;0,25;20;14,1;1600;50,5;35,3;0;0;2,5;0,5;40;3;106,25;3;"noband"
"19900507";"53";"47103";"2";"3";"2";"1";"1";"2";"2";"813";10;"2";"3";"1910";40;54;14,42;87;1;18;4,5;1700;56,2;39,3;0;0;2,5;1;40;2;96,8;3;"noband"
"19910123";"66";"35521";"3";"3";"4";"3";"1";"2";"2";"813";1;"2";"1";"1911";60;38;16,5;66;0,75;18;6,7;1400;56,2;37,1;0;0;1,1;1,4;32;5;103,22;3;"noband"
"19910327";"22";"37572";"2";"3";"2";"1";"1";"2";"3";"824";2;"4";"1";"1911";35;48;16;76;0,8125;30;8,9;1900;49,5;41,6;0;0;2,5;1,2;30;5;103,22;3;"noband"
"19910103";"53";"47201";"2";"3";"2";"1";"1";"1";"2";"813";9;"2";"3";"1911";67;45;15;87;1;20;0;1400;62,5;37,5;0;0;2,5;1;40;5;103,22;3;"band"
"19910712";"2";"24780";"2";"3";"4";"1";"1";"2";"4";"816";2;"2";"1";"1911";47;65;15,7;87;0,25;18;5,6;1725;55,6;38,9;3;0;3;0,85;34;5;103,125;3;"noband"
"19920115";"53";"47301";"3";"3";"4";"3";"1";"2";"4";"816";2;"2";"1";"1910";65;44;14,3;78;0,25;32;0;1650;56,8;43,2;3;0;2,5;2,5;40;5;100;3;"band"
"19910622";"62";"35528";"3";"3";"4";"3";"1";"2";"4";"816";2;"3";"3";"1910";40;68;14;88;0,75;32;0;1742;60;40;3;0;2,5;1;40;5;103,125;3;"band"
"19910216";"63";"35811";"2";"3";"2";"1";"1";"2";"4";"815";9;"3";"1";"1911";40;35;18;85;0,625;30;0;2000;62,5;37,5;0;0;2,5;0,9;30;5;103,125;3;"noband"
"19901107";"65";"25466";"3";"3";"4";"3";"1";"2";"3";"821";7;"4";"3";"1910";50;43;17;72;0,625;30;14,3;1600;47,6;38,1;0;0;2,5;1;34;5;96,77;3;"band"
"19910318";"48";"37355";"2";"3";"4";"1";"1";"2";"3";"827";9;"4";"1";"1910";40;43;16,1;70;0,625;20;11,1;2000;55,6;33,3;4;0;1,8;0,9;35;5;103,22;3;"noband"
"19941009";"48";"85814";"2";"3";"3";"1";"3";"1";"3";"827";2;"4";"1";"1910";65;36;16,5;70;1;34;22;1903;41;34,6;0;4;2,7;2,8;60;5;108;3;"band"
"19901114";"65";"25477";"3";"3";"4";"3";"1";"1";"3";"821";7;"4";"3";"1911";50;42;17;73;0,4375;20;18,5;1800;46,3;35,1;2;0;2,5;1;34;5;100;3;"band"
"19931008";"44";"35425";"2";"3";"3";"3";"3";"2";"3";"821";7;"4";"1";"1911";65;54;15,5;80;0,75;40;22,1;2000;42;22,5;1;6;1,8;1,3;60;5;107,14;3;"band"
"19900813";"68";"34493";"2";"3";"2";"1";"1";"2";"3";"824";2;"4";"1";"1910";30;54;14,6;70;0,8125;30;0;2000;58,8;41,2;0;0;1,5;0,6;30;3;106,9;3;"noband"
"19910409";"11";"37822";"2";"3";"4";"2";"1";"2";"4";"816";2;"2";"3";"1911";40;54;15,4;78;0,5;34;5,7;1736;56,8;36,9;0;0;2,5;1,1;35;5;103,125;3;"noband"
"19920822";"48";"34533";"2";"3";"3";"3";"3";"2";"3";"821";2;"4";"1";"1910";70;63;15,5;79;0,625;35;22;1760;41,3;22,5;1;4;2,4;1;50;5;106,25;3;"band"
"19920402";"57";"34014";"2";"3";"4";"1";"3";"1";"4";"816";9;"4";"1";"1910";40;40;15,5;75;0,75;25;22;1100;41,7;34,6;0;4;2,5;1;50;5;102,941;3;"band"
"19900909";"53";"47105";"3";"3";"4";"3";"1";"1";"4";"816";9;"2";"3";"1910";65;50;15;86;0,25;28;10,5;1700;52,6;36,8;2;0;2,5;0,6;40;5;103,3;3;"noband"
"19910215";"60";"37869";"2";"3";"4";"1";"1";"2";"1";"802";2;"2";"3";"1911";35;38;16;70;0,75;50;0;1400;62,5;37,5;0;0;2,8;1,5;28;5;103,125;3;"noband"
"19910426";"53";"47203";"3";"3";"4";"3";"1";"2";"1";"802";7;"2";"3";"1910";50;50;15,5;74;0,75;58;4,8;1420;59,5;35,7;3;0;3;1;40;5;106,45;3;"noband"
"19901001";"64";"34754";"2";"2";"2";"1";"1";"2";"3";"824";2;"4";"1";"1910";42;48;16;70;0,8125;35;0;2050;66,7;33,3;2;0;1,7;1;30;5;93,55;1;"noband"
"19910111";"39";"35539";"3";"3";"4";"3";"1";"2";"3";"821";2;"4";"3";"1911";50;50;14;80;0,75;40;10,5;1700;52,6;36,8;0;0;2,5;1;38;5;105;3;"band"
"19900612";"69";"36894";"2";"3";"2";"1";"1";"2";"3";"824";9;"4";"1";"1910";30;51;16;76;0,875;25;19,1;2250;42,7;38,2;3;0;1,2;0,5;30;3;103,3;3;"noband"
"19920207";"48";"34514";"2";"3";"4";"1";"1";"2";"3";"821";7;"4";"1";"1911";40;39;15;72;0,375;30;0;2000;58,1;41,9;1;0;2,5;0,3;35;5;109,9;3;"band"
"19900510";"53";"47103";"3";"3";"4";"3";"1";"2";"4";"816";2;"2";"3";"1910";60;50;15;72;0,75;30;15,9;1700;44,2;39,8;1;0;3;0,5;40;2;100;3;"band"
"19901115";"63";"34554";"2";"3";"4";"1";"1";"2";"3";"827";2;"3";"3";"1910";45;42;14;75;1;20;11,2;1800;51;37,8;8;0;2,5;1;35;5;100;3;"noband"
"19910309";"48";"37386";"2";"3";"4";"3";"1";"2";"3";"827";2;"4";"5";"1911";65;43;14,2;68;0,75;18;0;2000;62,5;37,5;0;0;2,5;1,2;40;5;106,45;3;"band"
"19930916";"41";"35069";"2";"3";"2";"1";"3";"2";"1";"816";9;"2";"1";"1911";65;56;17;75;0,75;25;35,8;1600;41;28,6;0;6;2;1;50;5;103,125;2;"band"
"19910310";"6";"37163";"2";"3";"2";"1";"1";"2";"3";"821";2;"4";"1";"1910";55;37;16;75;0,625;20;5,6;1850;55,6;38,9;0;0;0,8;0,75;33;5;109,67;3;"noband"
"19901108";"70";"34997";"2";"3";"2";"1";"1";"1";"4";"815";1;"4";"1";"1910";32;43;13;80;0,75;28;0;1500;62,5;37,5;0;0;0;0;30;5;100;3;"band"
"19941009";"10";"38064";"2";"3";"3";"1";"3";"2";"1";"815";1;"4";"1";"1910";70;37;16,1;76;0,5;34;22,7;2100;41,3;34,6;1;4;0;0;50;5;110;3;"band"
"19910428";"64";"35871";"2";"2";"2";"1";"1";"2";"3";"824";9;"4";"1";"1911";35;56;16;82;0,5625;28;5,6;2100;56,2;38,2;0;0;1,7;0,4;30;5;103,125;3;"noband"
"19901004";"48";"36197";"2";"3";"4";"3";"1";"2";"4";"815";2;"4";"2";"1911";47;58;14;85;0,75;28;16,5;1800;48,5;35;0;0;2,5;0,5;35;5;114,3;3;"band"
"19910227";"48";"37354";"2";"3";"4";"1";"1";"2";"3";"821";2;"4";"1";"1911";42;41;14;80;0,625;20;7,4;1750;53,2;39,4;0;0;2,1;0,9;35;5;96,97;3;"noband"
"19901014";"64";"34756";"2";"2";"2";"1";"1";"2";"3";"824";2;"4";"1";"1911";30;54;16,3;80;0,8125;30;0;2100;60;40;3;0;2,5;1,2;30;5;114,29;3;"noband"
"19920808";"41";"36567";"2";"3";"2";"1";"3";"1";"1";"816";2;"2";"1";"1910";67;62;14,5;84;0,25;23;22,1;1200;41;28,6;1;0;2,5;2,5;50;5;103,22;3;"band"
"19910426";"35";"37994";"3";"3";"4";"3";"1";"1";"3";"821";2;"4";"3";"1911";55;45;15,5;79;0,625;20;16,7;1850;54,3;34,3;4;0;2,5;1;34;5;100;3;"noband"
"19901101";"65";"25445";"3";"3";"4";"3";"1";"2";"3";"821";7;"4";"3";"1910";52;43;15;71;0,75;28;7,4;1500;53,2;39,4;0;0;2,5;1;34;5;98,3;3;"band"
"19910327";"22";"37572";"2";"3";"2";"1";"1";"2";"3";"824";9;"4";"1";"1911";35;48;16;86;0,5625;30;16,1;1900;44,6;39,3;0;0;2,5;1,5;30;5;103,22;3;"noband"
"19900514";"53";"47103";"3";"3";"4";"3";"1";"2";"4";"816";9;"2";"3";"1910";47;63;16,4;84;0,5;27;20,7;1800;41,3;38;5;0;2,6;0,3;40;2;96,7;3;"band"
"19900517";"64";"34752";"2";"2";"2";"1";"1";"2";"3";"824";9;"4";"1";"1910";50;48;15,8;70;0,25;30;0;1900;58,8;41,2;5;0;2,5;1,2;30;2;100;3;"noband"
"19900813";"26";"38016";"3";"3";"4";"3";"1";"1";"1";"802";7;"2";"2";"1910";45;54;14,8;70;0,75;50;13;1420;54,3;32,6;0;0;3;0,9;28;3;106,9;3;"noband"
"19900603";"55";"36859";"3";"3";"4";"2";"1";"1";"1";"802";2;"2";"3";"1911";50;65;17;100;0,625;52;5,6;1650;55,5;38,9;0;0;3;0,6;45;1;90;3;"band"
"19910314";"53";"47202";"3";"3";"4";"3";"1";"2";"2";"813";1;"2";"3";"1911";52;37;15;66;0,75;20;13,3;1600;55,6;42,2;0;0;2,4;0,8;40;5;100;3;"noband"
"19910603";"48";"37365";"2";"3";"4";"1";"1";"2";"3";"827";9;"4";"1";"1911";37;70;15;65;0,75;25;5,4;1500;54,3;40,2;0;0;2,3;0,9;40;5;106,66;3;"noband"
"19900615";"63";"34547";"2";"3";"2";"1";"1";"2";"4";"815";2;"3";"1";"1910";30;58;16,3;78;0,625;30;0;2150;58,8;41,2;10;0;2,5;1;30;3;90;3;"noband"
"19910614";"69";"37501";"2";"3";"2";"1";"1";"2";"4";"815";2;"4";"1";"1910";30;69;16;98;0,75;35;0;2050;62,5;37,5;0;0;2,75;1;33;5;100;3;"noband"
"19900418";"69";"36053";"2";"3";"2";"1";"1";"2";"4";"815";2;"4";"1";"1910";45;42;16;84;0,625;28;0;2220;54,3;45,7;0;0;2,5;1;30;3;100;3;"noband"
"19900426";"63";"34545";"2";"3";"4";"1";"1";"1";"3";"827";9;"4";"1";"1910";40;48;15;82;1;35;0;1720;59,3;40,7;0;0;1,5;1,5;32;2;100;3;"noband"
"19900612";"69";"36894";"2";"3";"2";"1";"1";"2";"3";"824";2;"4";"1";"1910";30;51;16;70;0,8125;20;0;2250;58,8;41,2;0;0;1,5;0,6;30;3;103,3;3;"noband"
"19900909";"53";"47103";"3";"3";"4";"3";"1";"1";"1";"802";2;"2";"3";"1910";60;50;14,5;60;0,75;40;19;1650;47,6;33,3;0;0;2,5;1;40;5;103,3;3;"noband"
"19920826";"36";"34905";"2";"3";"2";"1";"3";"2";"1";"816";9;"2";"1";"1910";67;67;15,1;80;0,75;28;22,1;1780;41,3;28,6;0;4;2,5;1;60;5;106,25;3;"band"
"19910130";"21";"35751";"2";"3";"2";"1";"2";"2";"3";"824";9;"4";"1";"1911";40;45;15;76;0,8125;30;0;2400;62,5;37,5;0;0;1;1;30;5;107,4;3;"noband"
"19910131";"48";"37352";"2";"3";"2";"1";"1";"2";"3";"827";9;"4";"4";"1911";40;42;14,5;74;1;25;8;2100;57,5;34,5;0;0;2,3;0,7;35;5;107,4;3;"band"
"19910707";"53";"47204";"3";"3";"2";"1";"1";"2";"2";"813";9;"2";"3";"1910";50;64;18;64;1;18;0;1300;62,5;37,5;0;0;3;1;40;5;106,45;3;"band"
"19900622";"32";"36846";"2";"3";"4";"3";"1";"1";"1";"802";2;"2";"3";"1910";65;65;14;100;0,75;40;7;1200;58,1;34,9;0;0;2,5;1;40;3;100;3;"band"
"19901209";"33";"23048";"3";"3";"4";"3";"1";"2";"3";"821";2;"4";"1";"1910";40;42;16;78;0,625;20;0;1550;62,5;37,5;0;0;2,5;1;40;5;106,25;3;"noband"
"19910817";"62";"35529";"3";"3";"4";"3";"1";"2";"1";"802";2;"3";"1";"1910";45;58;17;72;0,75;18;3,2;1470;53,8;43;0;0;3;1;34;5;100;3;"noband"
"19920220";"47";"29442";"3";"3";"4";"2";"1";"2";"4";"816";2;"4";"1";"1910";50;40;15,2;78;1;24;0;1850;58,8;41,2;0;0;2,9;1,1;40;5;103,13;3;"band"
"19900626";"65";"25427";"3";"3";"4";"3";"1";"1";"3";"821";7;"4";"3";"1910";55;49;15,6;80;1;30;35,8;1950;41,7;22,5;1;0;2,7;1;40;4;100;3;"band"
"19910807";"2";"24780";"2";"3";"4";"1";"1";"2";"1";"802";7;"2";"1";"1910";67;60;15;80;0,625;50;6,6;1400;54,9;38,5;6;0;3;1,1;34;5;103,1;3;"noband"
"19901115";"63";"34554";"2";"3";"4";"1";"1";"2";"3";"827";9;"3";"3";"1911";45;42;14;75;1;20;0;1800;58,9;41,1;8;0;3;2;35;5;100;3;"noband"
"19910804";"48";"37371";"2";"3";"4";"1";"1";"2";"4";"816";9;"4";"1";"1910";40;58;15;80;0,1875;20;3,2;2000;53,8;43;0;0;2,5;1;35;5;103,125;3;"noband"
"19901222";"7";"38121";"3";"3";"4";"3";"1";"2";"4";"815";9;"2";"1";"1911";45;60;16;88;0,75;33;0;1500;56,8;43,2;0;0;2,9;1,1;40;5;103,22;3;"band"
"19900625";"69";"36058";"2";"3";"2";"1";"1";"1";"3";"824";2;"4";"1";"1911";50;58;15,5;75;0,8125;24;0;2200;58,8;41,2;0;0;1,5;0,6;30;6;100;3;"noband"
"19900921";"63";"34551";"2";"3";"2";"1";"1";"1";"4";"815";1;"3";"1";"1910";35;56;15;70;1;33;0;2350;65,2;34,8;0;0;2,5;1;30;5;93,75;1;"band"
"19900620";"63";"34547";"2";"3";"2";"1";"1";"1";"3";"827";2;"3";"1";"1910";32;54;15,5;78;1;25;0;1900;58,8;41,2;10;0;2,5;0,5;30;3;93,3;3;"noband"
"19901105";"40";"34716";"2";"3";"4";"1";"1";"2";"4";"816";9;"4";"3";"1910";40;43;16,4;79;0,3125;35;0,5;2400;59,5;40;0;0;2,6;1,1;35;5;96,77;3;"noband"
"19900330";"33";"23040";"3";"3";"4";"3";"1";"1";"3";"821";7;"4";"1";"1911";50;59;14,5;71;0,625;20;11,1;1650;55,5;33,3;0;0;2,5;1;40;1;90;3;"band"
"19900710";"53";"47104";"3";"3";"2";"1";"1";"2";"2";"813";10;"2";"3";"1911";55;56;15;87;0,75;20;0;1250;62,5;37,5;0;0;2,5;1;40;5;96,8;3;"noband"
"19910117";"38";"35539";"3";"3";"4";"3";"1";"2";"3";"821";7;"4";"3";"1911";50;50;15;70;1;30;10;1600;50;40;0;0;2,8;1;38;5;106,66;3;"band"
"19910109";"65";"25503";"3";"3";"4";"3";"1";"2";"3";"821";2;"4";"3";"1911";55;46;15;80;0,75;20;6,6;1900;54,9;38,5;0;0;2,5;0,7;34;5;105;3;"noband"
"19930205";"63";"35502";"2";"3";"3";"3";"3";"2";"1";"815";2;"3";"1";"1910";67;35;16,2;88;0,5;28;22,7;1750;41,3;30;0;4;2,3;1;60;5;106;3;"band"
"19910208";"71";"37080";"2";"3";"2";"1";"1";"1";"3";"828";2;"4";"1";"1911";40;47;17;78;0,75;35;0;2400;58,8;41,2;4;0;2,5;1;30;5;100;3;"band"
"19920416";"59";"36423";"2";"3";"2";"1";"3";"2";"4";"815";2;"4";"1";"1910";55;51;16,4;78;0,5;29;22,1;1800;41,3;22,5;1;4;1,5;1;50;5;100;3;"band"
"19930227";"11";"35831";"2";"3";"3";"2";"3";"2";"1";"815";2;"2";"1";"1911";65;40;16,5;84;0,625;26;22,1;1565;41,3;30;1;0;2,5;1;50;5;106,6;2;"band"
"19901218";"28";"34694";"2";"3";"2";"1";"1";"2";"3";"824";2;"4";"1";"1910";30;41;15,5;74;0,8125;30;2,5;1900;58;39,5;4;0;1,9;1,3;30;5;114,28;3;"noband"
"19910416";"65";"25517";"3";"3";"4";"3";"1";"1";"3";"821";7;"4";"3";"1911";55;53;14,2;72;0,625;25;22,7;1750;45,5;31,8;1;0;2,4;0,9;34;5;103,125;3;"band"
"19901010";"63";"34522";"2";"3";"2";"3";"1";"2";"4";"816";2;"3";"3";"1911";40;50;13;74;0,25;25;0;2500;58,8;41,2;2;0;2,5;0,5;30;5;114,29;3;"noband"
"19900507";"53";"47103";"3";"3";"4";"3";"1";"2";"1";"802";2;"2";"3";"1910";72;54;14,5;82;0,75;50;2,2;1900;56,7;41,6;0;0;3;0,9;40;2;100;3;"noband"
"19921129";"41";"36569";"2";"3";"3";"2";"3";"2";"1";"816";2;"2";"1";"1910";65;39;15,1;71;0,625;30;22,1;1700;42;22;0;4;2,5;1,5;50;5;106,1;3;"band"
"19910719";"11";"37964";"2";"3";"4";"1";"1";"2";"4";"815";2;"2";"1";"1910";40;69;14,5;76;0,625;22;0;1250;58,8;41,2;1;0;2,5;1;35;5;100;3;"band"
"19910307";"53";"47202";"3";"3";"4";"3";"1";"2";"2";"813";5;"2";"3";"1910";52;45;16;68;0,75;18;0;1600;58,8;41,2;4;0;2,3;0,8;40;5;109,67;3;"noband"
"19910129";"41";"38064";"2";"3";"2";"1";"1";"1";"2";"813";1;"2";"1";"1911";30;45;15,5;65;0,25;16;5,9;1600;58,8;35,3;0;0;2,5;1,8;33;5;100;3;"noband"
"19900806";"68";"34493";"2";"3";"2";"3";"1";"1";"4";"816";9;"4";"1";"1910";65;51;16;75;0,5;30;0;1800;58,8;41,2;0;0;2,1;1;30;3;100;3;"band"
"19910806";"48";"37371";"2";"3";"4";"1";"1";"2";"4";"816";2;"4";"1";"1910";40;60;15;85;1;25;6,9;2100;54;39,1;0;0;2,5;1,2;35;5;103,13;3;"band"
"19910524";"59";"35758";"2";"3";"2";"1";"1";"2";"3";"828";2;"4";"1";"1910";40;62;16;84;0,9375;32;0;2200;58,8;41,2;4;0;1,4;1;30;5;106,45;3;"noband"
"19900707";"51";"36784";"3";"3";"4";"3";"1";"2";"4";"815";2;"2";"3";"1910";60;58;15,1;93;1;25;0;1650;56,1;33,9;0;0;2,5;1;40;3;100;3;"band"
"19901017";"61";"38240";"3";"3";"4";"3";"3";"2";"1";"802";7;"2";"2";"1911";60;46;13;80;0,625;50;12,4;1391;51,5;36,1;2;0;2,7;1;38;5;114,29;3;"noband"
"19900710";"53";"47104";"3";"3";"4";"3";"1";"2";"1";"802";7;"2";"3";"1911";30;56;16;70;0,05625;60;21,8;1400;45,4;32,8;0;0;3;0,9;40;5;96,8;3;"noband"
"19910517";"64";"35872";"2";"2";"2";"1";"1";"2";"3";"824";9;"4";"1";"1910";47;67;16;82;0,5625;30;1,5;1900;50,5;34,3;0;0;2,5;1,1;33;5;103,125;3;"noband"
"19930219";"20";"37046";"2";"3";"2";"1";"3";"2";"4";"802";7;"2";"1";"1911";65;39;16;72;0,75;50;34,5;1350;41;34,6;0;4;2,5;2,2;60;5;106,6;2;"band"
"19901212";"7";"38121";"3";"3";"4";"2";"1";"1";"4";"815";2;"2";"1";"1910";45;42;14;89;0,75;26;0;1450;58,8;41,2;1;0;2,5;1;40;5;103,22;3;"band"
"19900820";"6";"34585";"2";"3";"2";"1";"1";"2";"3";"828";10;"4";"1";"1910";57;57;14,2;78;1;30;10,5;2400;52,6;36,8;0;0;2,5;1;33;5;93,75;3;"noband"
"19910531";"53";"47203";"3";"3";"4";"3";"1";"1";"1";"802";7;"2";"3";"1910";50;69;17;82;0,75;50;0;1700;62,5;37,5;0;0;3;1;40;5;106,45;3;"band"
"19910915";"6";"37189";"2";"3";"2";"1";"1";"2";"4";"815";2;"4";"1";"1910";40;63;15,8;80;0,75;30;10,5;2000;52,6;36,9;0;0;3;1;33;5;109,7;3;"band"
"19900611";"14";"36874";"2";"3";"2";"1";"1";"2";"4";"815";9;"2";"1";"1911";65;60;15,5;80;0,25;30;13;1750;54,3;32,6;0;0;2,75;1;33;1;90;3;"noband"
"19901119";"44";"34781";"2";"3";"4";"1";"1";"2";"4";"816";2;"4";"3";"1910";70;43;18,1;78;0,5;28;14,4;2125;48,1;37,5;5;0;3;0,9;33;5;100;3;"noband"
"19921125";"41";"36569";"2";"3";"3";"2";"3";"2";"1";"816";2;"2";"1";"1910";65;53;14,2;72;1;28;34,5;1600;41;34,6;1;4;2,7;1,5;50;5;106,1;3;"band"
"19910206";"65";"25507";"3";"3";"4";"3";"1";"2";"3";"821";2;"4";"1";"1911";45;44;14,1;78;0,625;22;7,6;1510;54,3;38;0;0;2,5;0,7;34;5;114,28;3;"noband"
"19901114";"70";"34997";"2";"3";"2";"1";"1";"2";"4";"815";9;"4";"1";"1910";50;47;16,2;74;0,75;28;10,8;2000;53,4;35,8;0;0;2,5;1,3;30;5;100;3;"band"
"19910507";"65";"25520";"3";"3";"4";"3";"1";"2";"3";"821";7;"4";"1";"1910";50;56;15,2;76;0,625;25;3,4;1760;56,8;39,8;2;0;2,5;0,8;34;5;103,125;3;"band"
"19900507";"42";"36928";"2";"3";"2";"1";"1";"2";"4";"815";2;"2";"1";"1910";40;54;15;88;0,75;28;0;1800;58,8;41,2;0;0;2,5;1,2;30;2;100;3;"noband"
"19901010";"63";"34522";"2";"3";"2";"3";"1";"2";"4";"816";9;"3";"3";"1911";35;50;14;74;0,25;28;0;2500;58,8;41,2;0;0;2,5;0,7;30;5;114,29;3;"noband"
"19910323";"48";"37355";"2";"3";"2";"1";"1";"2";"3";"828";9;"4";"1";"1911";40;49;16,8;78;0,9375;30;0;2000;62,5;37,5;0;0;2,4;0,9;35;5;100;3;"noband"
"19901124";"64";"34259";"2";"2";"2";"1";"1";"1";"4";"815";1;"3";"1";"1911";40;47;15;88;0,5;34;0;1700;62,5;37,5;0;0;0;0;30;5;100;3;"band"
"19910221";"48";"37354";"2";"3";"4";"3";"1";"2";"4";"816";9;"4";"4";"1911";40;46;15,9;78;0,5;34;2,4;2000;61;36,6;0;0;2,4;1,3;35;5;103,22;3;"noband"
"19901014";"64";"34756";"2";"2";"2";"1";"1";"2";"3";"824";9;"4";"1";"1911";30;54;14,9;72;1,25;30;3,6;2100;60,2;36,1;1;0;2,5;1,2;30;5;114,29;3;"noband"
"19910829";"18";"37001";"3";"3";"4";"3";"1";"2";"1";"802";2;"2";"1";"1910";60;60;15;80;0,75;50;10,4;1380;47,2;42,5;0;0;3;1;38;5;106,5;3;"noband"
"19910423";"27";"35458";"2";"3";"2";"1";"1";"1";"4";"816";9;"4";"1";"1910";40;56;16,5;79;0,5;28;0;2300;60,2;39,8;0;0;2,5;1,5;30;5;106,45;3;"band"
"19900723";"28";"34685";"2";"3";"2";"1";"1";"2";"3";"828";10;"4";"1";"1910";50;61;13;72;1;41;0;2350;58,8;41,2;0;0;2;1;30;3;105,2;3;"noband"
"19910529";"69";"37338";"2";"3";"2";"1";"1";"1";"3";"824";9;"4";"1";"1911";50;60;16;76;0,5625;28;5,6;1600;55,6;38,9;0;0;1;0,5;35;5;110;3;"noband"
"19930915";"64";"37191";"2";"2";"2";"1";"3";"2";"1";"815";2;"2";"1";"1911";70;50;16,5;74;0,625;34;22,7;1750;42;28,6;0;6;2,6;1;50;5;103,125;2;"band"
"19911209";"34";"37018";"2";"3";"2";"1";"1";"2";"4";"816";9;"3";"1";"1911";42;52;16;82;0,75;30;0;2150;58,8;41,2;0;0;2,5;1;33;5;110;3;"band"
"19920915";"48";"34534";"2";"3";"3";"3";"3";"2";"3";"821";7;"3";"1";"1911";65;60;15;82;0,5;22;22,1;1800;41,3;22,5;0;4;2,5;1;50;5;96,8;3;"band"
"19910729";"69";"37510";"2";"3";"2";"1";"1";"1";"4";"815";2;"2";"1";"1910";45;61;14;98;0,75;30;0;1600;58,8;41,2;2;0;2,4;0,9;30;5;100;3;"band"
"19920531";"24";"34763";"3";"3";"4";"3";"3";"2";"3";"824";2;"4";"1";"1910";55;54;17,5;82;0,8125;28;35,8;1600;41,3;28,6;0;0;2,5;1;50;5;102,94;3;"band"
"19910614";"69";"37501";"2";"3";"2";"1";"1";"1";"4";"815";9;"4";"1";"1910";32;69;15,5;94;0,75;30;0,5;2050;52,6;42,1;0;0;2,5;1;33;5;100;3;"noband"
"19900730";"59";"34896";"2";"3";"2";"1";"1";"2";"3";"828";9;"4";"3";"1910";40;54;14,7;90;0,875;18;0;2300;52,6;47,4;4;0;3;1,1;33;3;111,1;3;"noband"
"19920705";"48";"34527";"2";"3";"4";"1";"3";"2";"3";"821";7;"3";"1";"1910";50;66;14,8;80;0,625;30;35,8;1840;41,3;22,5;0;4;2,5;1;50;5;100;3;"band"
"19901109";"40";"34716";"2";"3";"4";"1";"1";"1";"4";"816";9;"4";"3";"1910";40;51;15;70;0,25;24;0,5;0;59,5;40;0;0;3;1;35;5;100;3;"band"
"19910802";"69";"37510";"2";"3";"2";"1";"1";"2";"4";"815";9;"2";"1";"1910";40;60;14,5;85;1;35;0;1250;58,8;41,2;2;0;1,5;1;30;5;100;3;"band"
"19900625";"56";"34092";"3";"3";"4";"3";"1";"1";"4";"815";9;"2";"1";"1910";65;58;15;74;0,625;32;0;1800;57,5;42,5;1;0;2,5;1;38;4;103,2;3;"band"
"19910923";"36";"39027";"3";"3";"4";"3";"1";"1";"4";"816";9;"2";"1";"1910";50;60;16;78;0,5;28;4,5;1520;53;42;0;0;2,5;1,5;34;5;106,2;3;"band"
"19910213";"59";"35752";"2";"3";"2";"1";"1";"2";"3";"824";9;"4";"1";"1910";50;43;17;84;0,25;35;0;2300;55,6;44,4;0;0;2;0,8;30;5;103,22;3;"noband"
"19901211";"6";"34590";"2";"3";"2";"1";"1";"2";"3";"827";2;"4";"1";"1910";50;40;15;88;0,75;30;0;2233;58,8;41,2;8;0;3;1;33;5;106,45;3;"noband"
"19900425";"13";"34664";"3";"3";"4";"3";"3";"2";"4";"816";9;"4";"3";"1910";45;49;16;72;0,375;38;15;1650;50;35;0;0;2,5;0,2;38;2;96,9;3;"band"
"19900813";"68";"34493";"2";"3";"2";"1";"1";"2";"3";"824";9;"4";"1";"1910";30;54;13,6;70;0,8125;30;0;2000;58,8;41,2;0;0;2,3;0,9;30;3;100;3;"noband"
"19910502";"63";"35816";"2";"3";"2";"1";"1";"2";"4";"815";2;"3";"1";"1910";40;55;15,5;92;0,75;22;9,6;1550;53,2;37,2;1;0;2,9;1,3;33;5;106,66;3;"band"
"19910314";"53";"47202";"3";"3";"4";"3";"1";"2";"2";"813";5;"2";"3";"1910";52;37;14;73;0,75;20;9,6;1600;53,2;37,2;0;0;2,3;1;40;5;109,67;3;"noband"
"19910619";"69";"37199";"2";"3";"4";"1";"1";"2";"3";"824";9;"4";"1";"1910";40;64;16,5;82;0,5625;30;2,3;1900;57,5;40,2;0;0;1,3;0,8;30;5;106,45;3;"band"
"19910212";"60";"37869";"2";"3";"4";"1";"1";"2";"4";"815";9;"2";"3";"1911";37;44;15;85;0,75;34;0;1400;62,5;37,5;0;0;2,8;1;28;5;103,12;3;"noband"
"19901010";"65";"25443";"3";"3";"4";"3";"1";"2";"3";"821";7;"4";"3";"1911";47;54;14;65;0,625;25;16,1;1500;44,6;39,3;4;0;2,5;1;34;5;114,29;3;"band"
"19910610";"69";"37501";"2";"3";"2";"1";"1";"2";"4";"816";9;"4";"1";"1911";32;56;15,03;79;0,3125;28;5,3;2244;52,6;42,1;0;0;1,8;0,5;30;5;106,45;3;"noband"
"19900730";"59";"34896";"2";"3";"2";"1";"1";"2";"3";"828";2;"4";"3";"1910";40;54;15,2;88;0,875;20;5,9;2300;49,5;44,6;8;0;2,5;1;33;3;111,1;3;"noband"
"19900409";"65";"25416";"3";"3";"4";"3";"1";"1";"3";"821";7;"4";"3";"1911";47;41;18;74;0,5;30;17,7;1900;44,2;38,1;2;0;2,5;1;40;2;100;3;"band"
"19910529";"69";"37338";"2";"3";"2";"1";"1";"2";"3";"824";2;"4";"1";"1911";47;60;14,5;74;0,8125;20;8,6;1600;53,8;37,6;0;0;2;1,5;35;5;110;3;"noband"
"19900913";"63";"34551";"2";"3";"2";"1";"1";"1";"4";"815";1;"3";"1";"1910";40;60;15,5;73;0,75;28;0;1850;65,2;34,8;0;0;2,8;1;30;5;100;1;"band"
"19900606";"54";"36859";"3";"3";"4";"2";"1";"1";"1";"802";2;"2";"3";"1911";57;54;15,5;80;0,625;55;0;1600;62,5;37,5;0;0;3;0,5;45;5;103,3;3;"noband"
"19930407";"64";"35661";"2";"2";"4";"3";"3";"2";"1";"816";2;"4";"1";"1910";65;47;16,5;86;0,25;20;22;1750;42;28,6;0;4;2,1;2,1;60;5;109,6;2;"band"
"19901027";"71";"34996";"2";"3";"2";"1";"1";"2";"4";"816";9;"4";"1";"1910";35;43;13;75;0,75;20;0;2000;62,5;37,5;0;0;2,5;1,1;30;5;100;3;"band"
"19920110";"53";"47301";"3";"3";"4";"3";"1";"2";"4";"816";2;"2";"1";"1911";55;44;15;70;0,625;28;8,2;1700;51;40,8;0;0;2,5;2;40;5;100;3;"band"
"19901215";"25";"35525";"3";"3";"4";"3";"1";"1";"4";"815";9;"2";"3";"1910";40;54;14,8;87;0,05625;29;0;1000;58,8;41,2;0;0;2,9;1;40;5;106,45;3;"band"
"19900507";"53";"47103";"3";"3";"4";"3";"1";"2";"2";"813";1;"2";"3";"1910";55;54;13,23;79;1;20;18,9;1700;47,2;34;0;0;2;0,6;40;2;100;3;"noband"
"19900507";"53";"47103";"2";"3";"2";"1";"1";"2";"2";"813";9;"2";"3";"1910";40;54;15,59;89;1;18;1,2;1700;58,1;40,7;0;0;2,5;0,6;40;2;103,3;3;"noband"
"19901218";"25";"35525";"3";"3";"4";"3";"1";"2";"4";"815";2;"2";"3";"1910";40;41;15,5;76;0,75;28;3,6;1750;60,2;36,1;4;0;3;1;40;5;117,85;3;"noband"
"19900814";"63";"34549";"2";"3";"2";"1";"1";"2";"4";"816";9;"3";"1";"1910";45;54;18;90;0,5;26;8,3;1875;52,1;39,6;0;0;3;1;33;3;106,9;3;"noband"
"19920320";"59";"34293";"2";"3";"2";"1";"3";"2";"4";"816";2;"4";"1";"1910";47;50;17;70;0,5;30;35,8;2000;41,3;34,6;0;6;2,2;0,7;50;5;103,225;3;"band"
"19900812";"52";"34175";"2";"3";"2";"1";"1";"1";"3";"821";7;"4";"1";"1910";30;54;15,8;68;0,75;25;6,4;2000;53,2;40,4;4;0;2,3;0,8;35;3;106,9;3;"noband"
"19901206";"50";"36805";"3";"3";"4";"3";"1";"2";"4";"815";9;"4";"2";"1910";50;42;16;88;0,75;33;11,5;1650;52,1;36,4;0;0;2,5;1;38;5;106,25;3;"noband"
"19910503";"33";"23055";"3";"3";"4";"2";"1";"2";"3";"821";7;"4";"1";"1910";42;52;13,9;76;0,625;25;0;1800;50;50;0;0;2,5;0,9;40;5;106,66;3;"band"
"19900807";"6";"34585";"2";"3";"2";"1";"1";"2";"3";"828";2;"4";"1";"1910";30;50;15,6;84;1;16;0;2400;58,8;41,2;4;0;2,5;0,9;33;3;96,8;3;"noband"
"19900524";"43";"36648";"2";"3";"4";"1";"1";"2";"4";"815";1;"2";"1";"1911";50;60;14;75;0,625;33;0;2000;65,2;34,8;0;0;0;0;35;5;96,9;3;"band"
"19910629";"51";"37938";"3";"3";"4";"3";"1";"2";"4";"816";2;"2";"1";"1910";60;66;14,5;85;0,25;20;0;2600;62,2;37,8;0;0;2,5;1;34;5;106,45;3;"band"
"19901102";"48";"36165";"3";"3";"4";"3";"1";"1";"3";"828";2;"4";"3";"1910";65;43;16;78;0,75;30;12;2100;46,3;41,7;0;0;2;1;40;5;100;3;"band"
"19910903";"64";"35874";"2";"2";"2";"1";"1";"1";"3";"824";9;"4";"1";"1911";40;62;16,1;78;0,5625;25;5,5;1800;55;39,5;0;0;1,6;1,5;30;5;103,23;3;"noband"
"19910524";"40";"37915";"2";"3";"2";"1";"1";"2";"4";"815";2;"4";"1";"1910";50;62;15,4;98;0,75;25;10,6;1750;48,1;41,3;0;0;2,8;1,3;33;5;110;3;"noband"
"19910406";"11";"37822";"2";"3";"4";"1";"1";"2";"2";"813";5;"2";"3";"1910";40;44;15,5;68;0,75;20;5,6;1750;55,6;38,9;0;0;1,5;0,5;35;5;103,125;3;"noband"
"19910618";"18";"37003";"3";"3";"4";"2";"1";"2";"4";"815";2;"2";"3";"1910";40;65;16,2;79;0,625;30;0;1500;62,5;37,5;4;0;2,5;1;38;5;106,45;3;"band"
"19910611";"69";"37177";"2";"3";"2";"1";"1";"2";"3";"828";9;"4";"1";"1910";30;56;17;72;0,75;30;0;2550;52,6;47,4;0;0;2;1;33;5;103,22;3;"noband"
"19910303";"48";"37386";"3";"3";"4";"3";"1";"1";"3";"827";9;"4";"5";"1911";40;47;14,43;76;0,75;16;7,2;2000;51,5;41,2;1;0;2,7;1,4;40;5;100;3;"band"
"19901230";"65";"25502";"3";"3";"4";"3";"1";"2";"3";"821";2;"4";"3";"1911";52;52;16;78;0,75;30;14,1;1250;50,5;53,4;0;0;3;0,9;34;5;103,22;3;"band"
"19901007";"15";"38059";"3";"3";"4";"3";"1";"1";"1";"802";2;"2";"3";"1910";42;52;18;70;0,625;45;0;1700;58,8;41,2;0;0;3;0,7;34;5;103,125;3;"noband"
"19901113";"48";"36167";"2";"3";"4";"1";"1";"2";"3";"828";2;"4";"4";"1910";45;41;15,8;78;1;40;0;2300;62,5;37,5;4;0;2,5;1,4;35;5;100;3;"noband"
"19910706";"69";"37505";"2";"3";"2";"1";"1";"1";"3";"824";2;"4";"1";"1910";40;64;16;76;0,8125;23;4,8;1835;59,5;35,7;3;0;2;0,7;30;5;106,45;3;"noband"
"19910428";"64";"35871";"2";"2";"2";"1";"1";"2";"3";"824";2;"4";"1";"1911";35;56;15;80;0,8125;40;8,6;2100;53,8;37,6;8;0;1,7;1;30;5;100;3;"noband"
"19900409";"27";"34683";"2";"3";"2";"1";"1";"2";"4";"815";2;"4";"3";"1910";40;38;16;92;0,625;25;1,1;1900;53,8;45,2;0;0;2,5;1;30;2;100;3;"noband"
"19901002";"48";"36197";"2";"3";"4";"1";"1";"1";"4";"815";1;"4";"3";"1910";55;50;14;80;0,625;32;8;2000;60;32;0;0;2,5;0,9;35;5;93,55;1;"band"
"19910502";"53";"47203";"3";"3";"2";"1";"1";"1";"2";"813";9;"2";"3";"1910";55;55;16,3;100;1;16;0;1650;58,8;41,2;0;0;3;2,8;40;5;106,66;3;"band"
"19910318";"48";"37355";"2";"3";"4";"1";"1";"2";"3";"827";2;"4";"1";"1910";40;43;16,5;72;0,625;20;9,1;2000;56,8;34,1;4;0;2,5;0,5;35;5;103,22;3;"noband"
"19900622";"18";"36911";"3";"3";"4";"2";"1";"1";"2";"813";6;"2";"3";"1910";50;59;15;90;0,75;18;0;1500;58,8;41,2;0;0;2,5;1;40;3;100;3;"band"
"19910402";"63";"35814";"2";"3";"4";"1";"1";"2";"3";"827";9;"3";"1";"1911";37;43;14;80;1,25;20;6,25;2600;52,1;41,7;0;0;3;1,5;33;5;106,66;3;"noband"
"19900614";"25";"34397";"3";"3";"4";"3";"1";"2";"2";"813";1;"2";"2";"1910";50;53;16;65;0,75;16;15,8;1300;49,5;34,7;0;0;2,5;1;28;3;93,5;3;"noband"
"19910223";"8";"35335";"3";"3";"4";"3";"1";"2";"3";"827";2;"4";"3";"1911";45;41;17;78;0,75;16;14,1;1100;50,5;35,4;0;0;2,5;1;50;5;96,97;3;"band"
"19900625";"69";"36058";"2";"3";"2";"1";"1";"1";"3";"824";6;"4";"1";"1911";50;58;16;100;0,875;24;0;2200;58,8;41,2;0;0;1,2;0,6;30;6;93,75;3;"noband"
"19910409";"11";"37822";"2";"3";"4";"1";"1";"2";"4";"816";9;"2";"3";"1911";40;54;15,8;76;0,5;38;5,6;1736;55,6;38,9;0;0;2,5;1,5;35;5;103,125;3;"noband"
"19900611";"14";"37874";"2";"3";"2";"1";"1";"2";"4";"815";2;"2";"1";"1911";70;60;15;78;0,625;34;15;1750;50;35;0;0;2,5;1;33;1;93,3;3;"noband"
"19901230";"53";"48201";"3";"3";"4";"3";"1";"2";"4";"815";2;"2";"3";"1911";62;52;15;78;0,75;28;5,9;1400;58,8;35,3;4;0;2,5;0,8;40;5;103,22;3;"band"
"19910123";"66";"35521";"3";"3";"4";"3";"1";"2";"2";"813";5;"2";"1";"1910";60;38;16,4;64;0,75;20;11;1400;54,9;34,1;0;0;2,5;1;32;5;103,22;3;"noband"
"19901027";"70";"34996";"2";"3";"2";"1";"1";"2";"4";"816";9;"4";"1";"1910";35;43;13;75;0,75;20;0;2000;62,5;37,5;0;0;2,5;1,1;30;5;100;3;"band"
"19901209";"3";"27490";"2";"3";"4";"1";"1";"1";"1";"802";7;"2";"3";"1910";32;42;16;70;0,625;48;0;1350;63,9;36,1;0;0;3;1;34;5;100;3;"noband"
"19910505";"53";"47203";"3";"3";"4";"3";"1";"2";"2";"813";1;"2";"3";"1910";50;52;15,6;71;0,75;16;20,6;1700;46,7;32,7;0;0;2,5;0,6;40;5;106,66;3;"noband"
"19900818";"49";"34154";"3";"3";"4";"3";"1";"1";"3";"828";10;"4";"1";"1910";30;56;14,7;83;1;30;10,8;1600;53,8;35,5;0;6;2,6;1,2;40;3;100;3;"noband"
"19920610";"63";"34465";"2";"3";"2";"1";"3";"2";"4";"816";1;"3";"1";"1910";35;56;15,1;81;0,75;32;35,8;2000;41,3;30;0;6;2,5;1;60;5;102,94;3;"band"
"19910405";"59";"35754";"2";"3";"2";"1";"1";"2";"3";"824";9;"4";"1";"1910";47;43;16;80;0,5625;30;9,1;2400;50,5;40,4;0;0;2,5;1,1;30;5;103,125;3;"noband"
"19900606";"19";"36024";"3";"3";"2";"3";"1";"1";"4";"815";9;"4";"1";"1910";52;54;16,3;90;0,75;38;0;1800;62,5;38,5;0;0;2,9;1,1;33;3;100;3;"noband"
"19910104";"51";"39039";"3";"3";"4";"3";"1";"2";"4";"816";9;"2";"3";"1910";52;40;16;75;0,3125;30;5,6;1467;55,6;38,8;0;0;2,5;1,3;40;5;108,06;3;"noband"
"19901206";"65";"25450";"3";"3";"4";"3";"1";"2";"3";"821";7;"4";"3";"1910";45;42;14,8;72;0,625;20;0;1800;58,8;41,2;0;0;2,5;0,9;34;5;106,25;3;"noband"
"19900730";"25";"23050";"3";"3";"4";"3";"1";"2";"4";"816";2;"2";"3";"1910";57;54;16,2;79;0,5;23;19;1500;47,6;33,4;5;0;3;1;32;3;93,3;3;"noband"
"19921004";"67";"24780";"2";"3";"3";"3";"3";"2";"3";"821";7;"4";"1";"1911";65;55;15,5;76;0,75;30;22,1;1750;42;34,6;1;4;2,5;1,2;50;5;96,9;3;"band"
"19901214";"63";"34556";"2";"3";"2";"1";"1";"2";"4";"816";2;"3";"1";"1910";37;41;15;80;0,5;30;0;2398;58,8;41,2;9;0;2,5;0,7;30;5;106,45;3;"noband"
"19900926";"63";"34551";"2";"3";"2";"1";"1";"2";"4";"815";9;"3";"1";"1910";30;48;15;88;0,75;35;7,7;2550;57,7;34,6;0;0;2,8;0,8;30;5;100;1;"noband"
"19910924";"36";"39027";"3";"3";"4";"3";"1";"2";"4";"816";2;"2";"1";"1911";50;65;16;80;0,5;28;12,5;1550;50;37,5;0;0;2,5;1,5;34;5;106,45;3;"band"
"19910507";"53";"47203";"3";"3";"4";"3";"1";"1";"1";"802";2;"2";"3";"1910";50;55;13,86;70;0,625;47;10,2;1635;51;38,8;0;0;3;1;40;5;100;3;"noband"
"19901125";"64";"34759";"2";"2";"2";"1";"1";"2";"4";"816";1;"3";"1";"1910";32;47;16,1;88;0,3125;28;0;2189;62,5;37,5;0;0;2,4;0,8;30;5;100;3;"noband"
"19910129";"41";"38064";"2";"3";"2";"1";"1";"1";"2";"813";5;"2";"1";"1911";30;45;14;65;0,25;20;0;1600;62,5;37,5;0;0;2,5;0,8;33;5;100;3;"noband"
"19900801";"69";"36882";"2";"3";"2";"1";"1";"2";"4";"816";2;"4";"1";"1910";45;53;15,2;78;1;18;13,3;2150;51;35,7;2;0;2,5;1,1;30;3;111,1;3;"noband"
"19910118";"6";"37157";"2";"3";"2";"1";"1";"1";"3";"828";2;"4";"1";"1910";30;45;17;70;0,75;35;0;2200;58,8;41,2;0;0;2,5;1;33;5;106,45;3;"band"
"19920603";"64";"34157";"2";"2";"4";"3";"3";"2";"3";"824";2;"4";"1";"1910";40;57;16;86;0,8125;30;22;1700;42;34,6;1;0;2,5;1;50;5;102,94;3;"band"
"19901105";"63";"34553";"2";"3";"2";"1";"1";"2";"3";"827";2;"3";"1";"1910";45;42;14,9;75;1;25;10,5;1660;52,6;36,9;0;0;2,5;1;30;5;101,67;3;"noband"
"19941005";"48";"85813";"2";"3";"3";"3";"3";"1";"3";"827";9;"4";"1";"1910";65;52;18;82;1;25;34,5;1880;41,7;22,5;1;4;1;1;50;5;112,5;3;"band"
"19910524";"40";"37915";"2";"3";"2";"1";"1";"2";"4";"815";9;"4";"1";"1911";50;62;14,9;96;0,75;26;11;1950;50;39;0;0;2,8;0,8;33;5;110;3;"noband"
"19910810";"18";"37001";"3";"3";"4";"3";"1";"2";"1";"802";7;"2";"1";"1911";50;62;11,2;80;0,25;50;0;1570;58,8;41,2;0;0;3;1;38;5;103,23;3;"band"
"19900615";"69";"36057";"2";"3";"2";"1";"1";"2";"3";"827";9;"4";"1";"1910";30;58;15;98;0,75;30;0;2300;58,8;41,2;6;0;2,25;1;30;3;100;3;"noband"
"19901102";"6";"34588";"2";"3";"2";"1";"1";"2";"4";"815";2;"4";"1";"1910";40;43;17,2;78;0,9375;20;1;2180;58,3;40,7;2;0;2,4;0,8;33;5;96,77;3;"band"
"19910415";"48";"32360";"2";"3";"4";"1";"1";"2";"3";"827";9;"4";"1";"1911";37;59;16;75;0,75;20;4,3;2550;54,3;41,3;0;0;2,5;1,5;33;5;106,45;3;"noband"
"19900726";"58";"36644";"3";"3";"4";"3";"3";"1";"4";"816";2;"2";"3";"1911";60;56;16;87;0,625;26;10,5;1450;50,5;39;3;0;3;1,3;40;5;93,75;3;"band"
"19900517";"64";"34752";"2";"2";"2";"1";"1";"2";"3";"824";2;"4";"3";"1910";50;48;15,5;68;0,8125;30;0;1900;57,4;42,6;10;0;1,5;1;30;2;100;3;"noband"
"19901115";"70";"34997";"2";"3";"2";"1";"1";"2";"4";"815";2;"4";"1";"1910";50;47;16;92;0,75;35;0;1800;68;32;1;0;2,6;1,2;30;5;100;3;"band"
"19910201";"48";"37352";"2";"3";"2";"1";"1";"2";"3";"827";9;"4";"4";"1911";45;42;14;70;1;20;8;1850;57,5;34,5;0;0;2;0,7;35;5;107,4;3;"band"
"19910920";"13";"37068";"2";"3";"2";"1";"1";"2";"3";"821";2;"4";"1";"1911";40;49;17;75;0,625;30;0;1600;58,8;41,2;0;0;2,5;0,65;33;5;109,6;3;"band"
"19920918";"48";"34534";"2";"3";"3";"3";"3";"2";"3";"821";7;"3";"1";"1911";70;60;14,8;80;0,625;25;34,5;1850;42;28,6;0;6;2,5;1;50;5;96,9;3;"band"
"19910214";"59";"35752";"2";"3";"2";"1";"1";"2";"3";"824";9;"4";"1";"1910";50;43;16;82;0,875;30;0;2270;55,6;44,4;12;0;2;1;30;5;103,22;3;"noband"
"19930113";"53";"47401";"2";"3";"2";"1";"3";"2";"1";"816";2;"2";"1";"1911";67;46;17;80;0,25;25;22;1700;42;28,6;0;6;2,5;1,5;50;1;117,7;2;"band"
"19910201";"70";"37080";"2";"3";"2";"1";"1";"1";"3";"828";2;"4";"1";"1911";35;42;15;75;0,75;30;0;2100;58,8;41,2;0;0;2;0,8;30;5;107,4;3;"band"
"19901125";"64";"34759";"2";"2";"2";"1";"1";"2";"4";"816";9;"3";"1";"1910";40;47;16,53;78;0,8125;24;0;2189;58,8;41,2;0;0;2;0,8;30;5;100;3;"noband"
"19910130";"48";"37352";"2";"3";"4";"1";"1";"2";"3";"827";2;"4";"4";"1911";50;45;15,2;72;1;25;5,9;2150;58,8;35,3;0;0;2,5;1;35;5;107,4;3;"noband"
"19910810";"18";"37001";"3";"3";"4";"3";"1";"1";"1";"802";7;"2";"1";"1911";45;62;15;76;0,75;50;0;1500;58,8;41,2;0;0;3;1,2;38;5;103,225;3;"band"
"19900824";"23";"34399";"3";"3";"4";"3";"1";"2";"2";"813";5;"2";"3";"1910";42;54;15;70;0,25;16;13,4;1500;48,1;38,5;2;0;2,5;1;60;7;93,75;3;"noband"
"19900818";"49";"34154";"3";"3";"4";"3";"1";"1";"3";"828";2;"4";"1";"1910";45;56;14,9;85;1;30;17,3;1600;48,1;34,6;0;0;2,8;1;40;3;100;3;"noband"
"19910607";"48";"37365";"2";"3";"4";"1";"1";"2";"3";"827";9;"4";"3";"1910";42;58;15;76;1;20;5,4;2000;54,3;40,2;0;0;2,5;1;35;5;103,33;3;"band"
"19901002";"48";"36197";"2";"3";"4";"3";"1";"2";"4";"816";2;"4";"2";"1911";55;50;17;78;0,25;32;9,7;1900;52,2;38,1;0;0;3;0,9;35;5;96,97;1;"band"
"19920530";"24";"34763";"3";"3";"4";"3";"3";"1";"3";"824";2;"4";"1";"1911";55;56;21;80;0,875;35;22,1;1650;41;34,6;0;0;2,1;0,6;50;5;100;3;"band"
"19910307";"53";"47202";"2";"3";"2";"3";"1";"2";"2";"813";9;"2";"3";"1910";35;45;14,1;65;1;20;0;1500;59,5;40,5;0;0;2,6;1;40;5;109,67;3;"noband"
"19901209";"62";"35001";"3";"3";"4";"2";"1";"1";"4";"816";2;"3";"3";"1910";42;42;14,5;78;1;28;0;1800;61,7;38,3;0;0;2,5;2;40;5;100;3;"band"
"19901008";"6";"34587";"2";"3";"2";"1";"1";"1";"3";"827";9;"4";"1";"1911";30;53;15;80;0,75;30;15;2290;50;35;0;0;2,5;1;33;5;110,7;3;"noband"
"19900810";"62";"36776";"3";"3";"4";"3";"3";"2";"1";"802";2;"3";"3";"1910";40;50;13,5;75;0,75;45;0;1700;58,8;41,2;0;0;3;0,6;40;3;100;3;"noband"
"19900705";"65";"25428";"3";"3";"4";"3";"1";"2";"3";"821";2;"4";"3";"1911";45;47;14;80;0,75;20;18;1800;45;37;0;0;2,5;0,8;40;5;96,9;3;"noband"
"19910822";"62";"35529";"3";"3";"4";"3";"1";"2";"1";"802";7;"3";"1";"1911";47;58;13,1;70;0,25;55;10;1660;50;40;0;0;2,9;1;34;5;96,88;3;"band"
"19900615";"63";"34547";"2";"3";"2";"1";"1";"2";"4";"815";9;"3";"1";"1910";30;58;15,9;81;0,625;30;0;2150;62,5;37,5;10;0;2,5;1;30;3;90;3;"noband"
"19900509";"53";"47103";"3";"3";"4";"3";"3";"2";"4";"816";9;"2";"3";"1910";50;50;14,5;84;0,25;24;20,7;1500;41,3;38;0;0;3;0,6;40;2;103,3;3;"band"
"19901215";"37";"34099";"3";"3";"4";"3";"1";"1";"1";"802";7;"2";"3";"1910";45;41;13,3;70;0,75;50;0;1700;63,9;36,1;0;0;3;0,7;38;5;117,85;3;"noband"
"19900924";"63";"34551";"2";"3";"2";"1";"1";"1";"4";"815";1;"3";"1";"1910";40;49;14;82;0,625;30;0;2150;65,2;34,8;1;0;2,5;0,9;30;5;93,75;1;"band"
"19900615";"69";"36057";"2";"3";"2";"1";"1";"2";"3";"827";2;"4";"1";"1910";30;58;15;96;0,75;30;0;2300;58,8;41,2;6;0;3;0,75;30;3;100;3;"noband"
"19900804";"68";"34483";"2";"3";"2";"3";"1";"2";"4";"816";2;"4";"1";"1910";35;55;15;70;0,5;32;0;1950;58,8;41,2;0;0;2,5;1,3;30;3;100;3;"band"
"19901214";"28";"34693";"2";"3";"2";"1";"1";"2";"3";"828";2;"4";"1";"1911";45;41;16,1;74;1;30;0;1800;62,5;37,5;1;0;2,5;1,2;30;5;106,45;3;"noband"
"19910505";"53";"47203";"3";"3";"4";"3";"1";"2";"2";"813";5;"2";"3";"1910";50;52;17;69;0,75;18;0;1700;58,8;41,2;0;0;2,2;0,9;40;5;106,66;3;"noband"
"19910730";"59";"35761";"2";"3";"2";"1";"1";"2";"3";"828";9;"4";"1";"1910";35;59;16,1;84;0,25;30;0;2500;55;45;0;0;2,5;1,1;30;5;100;3;"noband"
"19900723";"66";"35683";"3";"3";"4";"3";"1";"1";"1";"802";2;"2";"3";"1910";65;61;14,8;80;0,375;45;19,5;1660;42,4;38,1;0;0;3;1;32;3;105,2;3;"noband"
"19941004";"48";"85813";"2";"3";"3";"1";"3";"2";"3";"828";2;"4";"1";"1910";65;53;17;73;0,75;35;22,7;2100;41,3;22;1;4;2,6;1,3;50;5;113,3;3;"band"
"19920402";"33";"23233";"3";"3";"4";"1";"3";"2";"3";"821";7;"2";"1";"1911";40;40;14,5;72;0,625;34;22,7;1620;42;28,6;0;4;2,5;1,3;50;5;102;3;"band"
"19901105";"63";"34553";"2";"3";"2";"1";"1";"2";"3";"827";9;"3";"1";"1910";45;42;14;80;0,25;20;7,6;2500;54,3;38,1;0;0;3;2,5;30;5;101,67;3;"noband"
"19910215";"17";"37441";"2";"3";"2";"1";"1";"2";"3";"821";2;"4";"1";"1911";25;38;13;75;0,625;25;0;1600;57,5;42,5;0;0;2,5;0,85;30;5;103,12;3;"noband"
"19901007";"48";"36197";"2";"3";"4";"3";"1";"2";"4";"815";9;"4";"2";"1911";47;53;15;72;0,75;25;22;1500;45,9;32,1;0;0;2,5;0,8;35;5;114,3;3;"band"
"19910130";"48";"37352";"2";"3";"4";"1";"1";"2";"3";"827";9;"4";"4";"1911";50;45;15;76;1;30;8;2150;57,5;34,5;0;0;2,5;1;35;5;107,4;3;"noband"
"19910104";"51";"38039";"3";"3";"4";"3";"1";"2";"4";"816";2;"2";"3";"1910";50;40;16,8;76;0,4375;28;8,6;1467;53,8;37,6;5;0;2,5;0,8;40;5;103,87;3;"noband"
"19901209";"62";"35001";"3";"3";"4";"3";"1";"2";"4";"816";9;"3";"3";"1910";40;42;12,7;84;0,5;32;0;1750;62,5;37,5;0;0;2,5;0,9;40;5;100;3;"noband"
"19900606";"63";"34546";"2";"3";"2";"1";"1";"2";"4";"816";9;"3";"1";"1911";37;54;14,5;80;1;20;10,9;2400;54,3;34,8;0;0;2,5;0,4;30;5;103,3;3;"noband"
"19900708";"51";"36784";"3";"3";"4";"3";"1";"1";"4";"815";2;"2";"3";"1910";50;58;13,5;100;0,75;35;0;1750;55,5;44,5;3;0;2,7;0,5;40;3;100;3;"band"
"19901215";"37";"34099";"3";"3";"4";"3";"1";"1";"1";"802";2;"2";"3";"1910";45;41;13,3;70;0,75;50;0;1700;60,2;39,8;0;0;3;0,8;38;5;117,85;3;"noband"
"19900807";"6";"34585";"2";"3";"2";"1";"1";"2";"3";"828";9;"4";"1";"1910";30;50;15,8;92;1;16;0;2400;58,5;41,2;2;0;3;1,4;33;3;96,8;3;"noband"
"19900505";"53";"47103";"3";"3";"4";"3";"1";"1";"1";"802";7;"2";"3";"1910";50;52;14;80;0,75;60;4,4;1700;54,9;40,7;0;0;2,5;1;40;2;100;3;"band"
"19910706";"69";"37505";"2";"3";"2";"1";"1";"1";"3";"824";9;"4";"1";"1910";40;64;15,4;88;0,5625;24;4,4;1835;55,5;40;2;0;2;1,3;30;5;106,45;3;"noband"
"19910308";"53";"47202";"2";"3";"4";"3";"3";"2";"1";"802";2;"2";"3";"1910";50;43;14,02;68;0,75;56;7,4;1800;53,2;39,4;0;0,5;3;1,3;40;5;109,67;3;"noband"
"19910712";"2";"24780";"2";"3";"4";"1";"1";"2";"4";"816";9;"2";"1";"1911";47;65;14;80;0,5;27;11,5;1725;52,1;36,4;3;0;3;0,9;34;5;103,125;3;"noband"
"19901002";"48";"36197";"2";"3";"4";"1";"1";"2";"4";"815";1;"4";"3";"1910";55;48;14,5;76;0,5;30;8;2000;60;32;0;0;2,5;1;35;5;93,55;1;"band"
"19910508";"65";"25520";"3";"3";"4";"3";"1";"2";"3";"821";7;"4";"3";"1910";45;57;14;76;0,75;20;3,4;1800;56,2;40,4;2;0;2;0,8;34;5;103,125;3;"band"
"19900926";"68";"36578";"2";"3";"2";"1";"1";"1";"3";"827";2;"4";"2";"1911";35;48;14,5;74;0,75;20;0;2225;62,5;37,5;4;0;2;1,2;33;5;106,25;1;"noband"
"19901030";"70";"34996";"2";"3";"2";"1";"1";"2";"4";"816";9;"4";"1";"1910";35;42;15,9;78;0,375;32;0;2150;62,5;37,5;0;0;1,7;0,9;30;5;101,67;3;"band"
"19900811";"68";"34493";"2";"3";"2";"3";"1";"1";"4";"816";9;"4";"3";"1910";65;54;17;94;0,25;26;0;1900;56,8;43,2;0;0;2,5;0,9;30;3;100;3;"noband"
"19901211";"7";"38121";"3";"3";"4";"2";"1";"1";"4";"815";2;"2";"1";"1910";45;40;16;89;0,625;22;0;1300;60;40;1;0;2,5;1;40;5;106,45;3;"band"
"19900706";"6";"34583";"2";"3";"2";"1";"1";"2";"3";"827";9;"4";"1";"1911";40;47;15;75;0,75;25;0;2100;61,1;38,9;0;0;2,4;1,1;33;5;96,9;3;"noband"
"19910214";"45";"35794";"2";"3";"4";"1";"1";"2";"3";"827";2;"4";"3";"1911";60;43;15,8;57;0,75;24;1,2;1480;58,1;40,7;0;0;1,4;1,7;33;5;103,12;3;"noband"
"19900812";"52";"34175";"2";"3";"2";"1";"1";"2";"3";"821";2;"4";"1";"1910";30;54;16,8;71;0,75;25;18;2000;45;36,9;0;0;2,5;0,9;35;3;106,9;3;"noband"
"19910220";"64";"35870";"2";"2";"2";"1";"1";"1";"3";"824";9;"4";"1";"1911";40;46;16,5;68;0,875;25;0;1700;58,8;41,2;0;0;1;1;33;5;103,125;3;"noband"
"19910501";"27";"35458";"2";"3";"2";"1";"1";"1";"4";"816";2;"4";"1";"1910";40;60;15;78;1;28;0;2380;60;40;3;0;2,5;1;30;5;106,66;3;"band"
"19910807";"2";"24780";"2";"3";"4";"1";"1";"2";"1";"802";2;"2";"1";"1910";40;60;15;80;0,625;50;0;1400;58,8;41,2;0;0;3;0,6;34;5;103,1;3;"noband"
"19930624";"48";"85741";"2";"3";"4";"3";"3";"1";"1";"816";2;"4";"1";"1911";65;37;15;80;0,5;30;22,1;2020;42;34,6;0;4;2,9;0,5;50;5;110,3;3;"band"
"19901214";"28";"34693";"2";"3";"2";"1";"1";"2";"3";"828";9;"4";"1";"1910";50;41;15,7;80;1;43;0;1800;62,5;37,5;1;0;2,5;1,5;30;5;106,45;3;"noband"
"19910320";"65";"25513";"3";"3";"4";"3";"1";"2";"3";"821";2;"4";"1";"1911";45;45;15,1;75;0,625;20;15;1750;50;35;0;0;1,6;0,9;34;5;103,22;3;"noband"
"19910627";"69";"37502";"2";"3";"2";"1";"1";"1";"3";"824";2;"4";"1";"1910";65;66;15;82;0,8125;30;7;1900;58,1;34,9;5;0;2,5;0,9;30;5;103,125;3;"band"
"19900727";"58";"36644";"3";"3";"4";"3";"1";"1";"1";"802";2;"2";"3";"1910";60;53;16,5;88;0,75;55;22,1;1550;41;36,9;0;0;3;0,8;40;3;105,1;3;"noband"
"19910213";"59";"35752";"2";"3";"2";"1";"1";"2";"3";"824";2;"4";"1";"1910";50;43;17;87;0,8125;35;0;2300;58,8;41,2;0;0;1,3;0,7;30;5;103,22;3;"noband"
"19920205";"22";"34272";"3";"3";"2";"1";"1";"2";"3";"824";9;"4";"1";"1910";30;40;14;73;0,5625;30;0;1800;58,8;41,2;0;0;0;0;30;5;100;3;"band"
"19901210";"63";"34556";"2";"3";"2";"1";"1";"2";"4";"816";2;"3";"1";"1910";37;42;16;70;0,375;28;0;2400;58,8;41,2;3;0;3;0,8;30;5;106,45;3;"band"
"19910603";"48";"37365";"2";"3";"4";"1";"1";"1";"3";"827";2;"4";"1";"1911";37;70;14,9;64;0,75;28;3,4;1500;57,5;39,1;0;0;2,5;1;40;5;106,89;3;"noband"
"19930514";"53";"47403";"2";"3";"2";"1";"3";"2";"1";"816";2;"2";"1";"1911";70;52;16;75;0,3125;25;22,7;1500;41,7;34,6;0;4;2,5;0,6;50;5;109,1;3;"band"
"19901121";"53";"47106";"3";"3";"4";"3";"1";"1";"1";"802";7;"2";"3";"1911";40;50;14;70;0,75;45;0;1800;60,2;39,8;0;0;2,5;1;40;5;100;3;"band"
"19910617";"36";"37990";"3";"3";"4";"3";"1";"2";"2";"813";1;"2";"3";"1910";50;66;16;87;1;20;11,1;1530;55,6;33,3;0;0;2,5;1;34;5;100;3;"band"
"19900730";"25";"23050";"3";"3";"4";"3";"1";"2";"4";"816";9;"2";"3";"1910";55;54;15,8;79;0,5;30;12,4;1500;51,5;36,1;0;0;3;0,5;32;3;93,3;3;"noband"
"19910707";"53";"47204";"3";"3";"2";"1";"1";"2";"2";"813";10;"2";"1";"1910";50;64;16;86;0,75;16;0;1300;58,8;41,1;0;0;2,5;1;40;5;106,45;3;"band"
"19900809";"65";"25433";"3";"3";"4";"3";"1";"2";"3";"821";7;"4";"3";"1910";50;50;16,2;75;0,75;25;3,3;1850;54,9;41,8;2;0;2,7;0,9;40;3;100;3;"noband"
"19901102";"6";"34588";"2";"3";"2";"1";"1";"2";"4";"815";9;"4";"1";"1910";37;43;16;76;0,9375;20;0;2180;62,5;37,5;2;0;2,9;1,2;33;5;96,77;3;"band"
"19910330";"8";"35534";"3";"3";"4";"3";"1";"1";"3";"827";2;"4";"3";"1910";42;44;15;80;1,25;20;16,7;1300;49;34,3;0;0;2,5;0,2;40;5;110;3;"noband"
"19901113";"48";"36167";"2";"3";"4";"1";"1";"2";"3";"828";9;"4";"4";"1910";45;41;14,6;74;1;32;21;2300;47,6;31,4;4;0;2,5;1,1;35;5;96,77;3;"noband"
"19910903";"64";"35874";"2";"2";"2";"1";"1";"1";"3";"824";2;"4";"1";"1910";40;62;16,1;82;0,812;30;5,7;1800;56,8;37,5;10;0;0,7;0,5;30;5;106,5;3;"noband"
"19900810";"62";"36776";"3";"3";"4";"3";"3";"2";"1";"802";7;"2";"3";"1910";45;50;14,5;70;0,75;42;5,3;1700;52,6;42,1;0;0;3;0,8;40;7;100;3;"noband"
"19910605";"27";"35460";"2";"3";"2";"1";"1";"2";"3";"824";2;"4";"1";"1910";45;54;15,5;76;0,8125;30;5,6;2250;55,6;38,9;2;0;2,5;1,3;30;5;106,45;3;"noband"
"19920709";"53";"47304";"3";"3";"4";"3";"3";"2";"4";"815";9;"2";"1";"1911";50;67;14,5;86;0,75;22;35,8;1300;41;34,6;0;4;2,5;2;60;5;102,77;3;"band"
"19900511";"53";"47103";"3";"3";"4";"3";"1";"2";"2";"813";1;"2";"3";"1910";50;48;13;80;1;18;18,9;1700;47,2;34;0;0;2,7;0,6;40;2;100;3;"band"
"19910111";"59";"35751";"2";"3";"2";"1";"1";"2";"3";"827";9;"4";"1";"1911";50;46;16,5;75;0,75;28;0;2600;62,5;37,5;6;0;2,5;1,1;30;5;106,67;3;"noband"
"19910223";"8";"37335";"3";"3";"4";"3";"1";"2";"3";"827";2;"4";"3";"1911";47;41;16,5;72;0,75;20;14,1;1300;50,5;35,4;4;0;2,5;1;50;5;96,97;3;"band"
"19900915";"53";"47105";"3";"3";"4";"3";"1";"2";"4";"816";9;"2";"3";"1910";65;60;14,5;80;0,25;38;15,8;1900;49,5;34,6;0;0;2,9;0,7;40;5;103,3;3;"noband"
"19910604";"48";"37365";"2";"3";"4";"1";"1";"2";"3";"828";9;"4";"4";"1910";47;68;16;80;0,75;30;0;2250;52,1;47,9;0;0;1,5;0,75;35;5;106,45;3;"noband"
"19901215";"25";"35525";"3";"3";"4";"3";"1";"2";"4";"815";2;"2";"3";"1910";40;54;22,2;77;0,625;32;6,25;1000;56,25;37,5;0;0;3;1,2;40;5;106,45;3;"band"
"19900924";"53";"47105";"3";"3";"4";"3";"1";"2";"2";"813";5;"2";"3";"1911";60;48;16;72;1;20;15,2;1600;44,6;40,2;0;4;2,1;0,7;40;5;96,97;1;"noband"
"19900830";"30";"38061";"3";"3";"4";"3";"3";"1";"4";"815";1;"3";"3";"1911";47;49;15;84;0,75;28;2,2;1600;54,3;43,5;0;0;3;0,9;34;1;108,1;3;"band"
"19910404";"70";"37081";"2";"2";"2";"1";"1";"2";"3";"828";1;"4";"1";"1911";35;44;15,5;100;0,875;30;0;2200;53,2;46,8;0;0;0;0;30;5;100;3;"band"
"19921001";"11";"36054";"2";"3";"3";"3";"3";"2";"1";"816";2;"2";"1";"1911";65;47;15;85;0,5;24;35,8;1470;41,7;22,5;1;4;1,8;1,7;50;5;96,9;3;"band"
"19941010";"48";"85814";"2";"3";"3";"3";"3";"1";"3";"828";2;"4";"1";"1910";67;46;16,4;76;1;34;22;1903;41,7;28,6;0;0;1,5;2,3;60;5;108;3;"band"
"19900602";"54";"36859";"3";"3";"4";"3";"1";"1";"1";"802";2;"2";"3";"1910";50;56;14,3;105;0,75;70;0;1600;55,5;44,5;0;0;3;1;45;3;100;3;"band"
"19910718";"65";"25530";"3";"3";"4";"3";"1";"2";"3";"821";7;"4";"1";"1910";42;58;16;78;0,5;25;0;1800;58,8;41,2;5;0;2,5;1;34;5;103,125;3;"noband"
"19910809";"5";"39200";"3";"3";"4";"3";"1";"1";"4";"815";2;"2";"1";"1910";40;68;14,8;90;1;30;0;1440;58,8;41,2;0;0;2,5;1;40;5;103,13;3;"band"
"19900518";"7";"34402";"3";"3";"4";"3";"3";"2";"4";"815";9;"2";"3";"1911";52;54;16;82;0,875;22;15,8;900;49,5;34,7;0;0;2,5;1;50;5;96,7;3;"band"
"19910220";"65";"25509";"3";"3";"4";"3";"1";"2";"3";"821";7;"4";"3";"1911";50;46;14,6;60;0,625;25;10,5;1750;52,6;36,8;2;0;2,4;0,8;28;5;96,97;3;"band"
"19910130";"21";"37571";"2";"3";"2";"1";"2";"1";"3";"824";2;"4";"1";"1911";50;45;16;70;0,8125;30;0;2400;58,8;41,2;0;0;1,7;1;30;5;107,4;3;"noband"
